start_timestamp,data,end_timestamp
1656481723.6801293,0_A_JOB=_B_JOB=_C_JOB=_D_JOB=_E_JOB=_F_JOB=_G_JOB=_H_JOB=_I_JOB=_J_JOB=_K_JOB=_L_JOB=,1656481728.147686
1656481724.0813298,1_A_JOB=_B_JOB=_C_JOB=_D_JOB=_E_JOB=_F_JOB=_G_JOB=_H_JOB=_I_JOB=_J_JOB=_K_JOB=_L_JOB=,1656481728.6883986
1656481724.4827216,2_A_JOB=_B_JOB=_C_JOB=_D_JOB=_E_JOB=_F_JOB=_G_JOB=_H_JOB=_I_JOB=_J_JOB=_K_JOB=_L_JOB=,1656481729.2520645
1656481724.883854,3_A_JOB=_B_JOB=_C_JOB=_D_JOB=_E_JOB=_F_JOB=_G_JOB=_H_JOB=_I_JOB=_J_JOB=_K_JOB=_L_JOB=,1656481729.8137305
1656481725.2850065,4_A_JOB=_B_JOB=_C_JOB=_D_JOB=_E_JOB=_F_JOB=_G_JOB=_H_JOB=_I_JOB=_J_JOB=_K_JOB=_L_JOB=,1656481730.3770854
1656481725.6863987,5_A_JOB=_B_JOB=_C_JOB=_D_JOB=_E_JOB=_F_JOB=_G_JOB=_H_JOB=_I_JOB=_J_JOB=_K_JOB=_L_JOB=,1656481730.9410603
1656481726.087487,6_A_JOB=_B_JOB=_C_JOB=_D_JOB=_E_JOB=_F_JOB=_G_JOB=_H_JOB=_I_JOB=_J_JOB=_K_JOB=_L_JOB=,1656481731.5003092
1656481726.4887357,7_A_JOB=_B_JOB=_C_JOB=_D_JOB=_E_JOB=_F_JOB=_G_JOB=_H_JOB=_I_JOB=_J_JOB=_K_JOB=_L_JOB=,1656481732.0627213
1656481726.8898919,8_A_JOB=_B_JOB=_C_JOB=_D_JOB=_E_JOB=_F_JOB=_G_JOB=_H_JOB=_I_JOB=_J_JOB=_K_JOB=_L_JOB=,1656481732.624499
1656481727.290936,9_A_JOB=_B_JOB=_C_JOB=_D_JOB=_E_JOB=_F_JOB=_G_JOB=_H_JOB=_I_JOB=_J_JOB=_K_JOB=_L_JOB=,1656481733.1876233
1656481727.6923146,10_A_JOB=_B_JOB=_C_JOB=_D_JOB=_E_JOB=_F_JOB=_G_JOB=_H_JOB=_I_JOB=_J_JOB=_K_JOB=_L_JOB=,1656481733.7501636
1656481728.093266,11_A_JOB=_B_JOB=_C_JOB=_D_JOB=_E_JOB=_F_JOB=_G_JOB=_H_JOB=_I_JOB=_J_JOB=_K_JOB=_L_JOB=,1656481734.311894
1656481728.4941888,12_A_JOB=_B_JOB=_C_JOB=_D_JOB=_E_JOB=_F_JOB=_G_JOB=_H_JOB=_I_JOB=_J_JOB=_K_JOB=_L_JOB=,1656481734.872007
1656481728.8954282,13_A_JOB=_B_JOB=_C_JOB=_D_JOB=_E_JOB=_F_JOB=_G_JOB=_H_JOB=_I_JOB=_J_JOB=_K_JOB=_L_JOB=,1656481735.435979
1656481729.2964346,14_A_JOB=_B_JOB=_C_JOB=_D_JOB=_E_JOB=_F_JOB=_G_JOB=_H_JOB=_I_JOB=_J_JOB=_K_JOB=_L_JOB=,1656481735.9959624
1656481729.697513,15_A_JOB=_B_JOB=_C_JOB=_D_JOB=_E_JOB=_F_JOB=_G_JOB=_H_JOB=_I_JOB=_J_JOB=_K_JOB=_L_JOB=,1656481736.5593915
1656481730.0987148,16_A_JOB=_B_JOB=_C_JOB=_D_JOB=_E_JOB=_F_JOB=_G_JOB=_H_JOB=_I_JOB=_J_JOB=_K_JOB=_L_JOB=,1656481737.1205623
1656481730.5001278,17_A_JOB=_B_JOB=_C_JOB=_D_JOB=_E_JOB=_F_JOB=_G_JOB=_H_JOB=_I_JOB=_J_JOB=_K_JOB=_L_JOB=,1656481737.6827953
1656481730.9011238,18_A_JOB=_B_JOB=_C_JOB=_D_JOB=_E_JOB=_F_JOB=_G_JOB=_H_JOB=_I_JOB=_J_JOB=_K_JOB=_L_JOB=,1656481738.246127
1656481731.3020601,19_A_JOB=_B_JOB=_C_JOB=_D_JOB=_E_JOB=_F_JOB=_G_JOB=_H_JOB=_I_JOB=_J_JOB=_K_JOB=_L_JOB=,1656481738.8075664
1656481731.7033029,20_A_JOB=_B_JOB=_C_JOB=_D_JOB=_E_JOB=_F_JOB=_G_JOB=_H_JOB=_I_JOB=_J_JOB=_K_JOB=_L_JOB=,1656481739.3691401
1656481732.1042213,21_A_JOB=_B_JOB=_C_JOB=_D_JOB=_E_JOB=_F_JOB=_G_JOB=_H_JOB=_I_JOB=_J_JOB=_K_JOB=_L_JOB=,1656481739.9312518
1656481732.5052216,22_A_JOB=_B_JOB=_C_JOB=_D_JOB=_E_JOB=_F_JOB=_G_JOB=_H_JOB=_I_JOB=_J_JOB=_K_JOB=_L_JOB=,1656481740.493209
1656481732.9064677,23_A_JOB=_B_JOB=_C_JOB=_D_JOB=_E_JOB=_F_JOB=_G_JOB=_H_JOB=_I_JOB=_J_JOB=_K_JOB=_L_JOB=,1656481741.0569947
1656481733.3075047,24_A_JOB=_B_JOB=_C_JOB=_D_JOB=_E_JOB=_F_JOB=_G_JOB=_H_JOB=_I_JOB=_J_JOB=_K_JOB=_L_JOB=,1656481741.6192396
1656481733.7089992,25_A_JOB=_B_JOB=_C_JOB=_D_JOB=_E_JOB=_F_JOB=_G_JOB=_H_JOB=_I_JOB=_J_JOB=_K_JOB=_L_JOB=,1656481742.1808865
1656481734.1101851,26_A_JOB=_B_JOB=_C_JOB=_D_JOB=_E_JOB=_F_JOB=_G_JOB=_H_JOB=_I_JOB=_J_JOB=_K_JOB=_L_JOB=,1656481742.7423048
1656481734.5114248,27_A_JOB=_B_JOB=_C_JOB=_D_JOB=_E_JOB=_F_JOB=_G_JOB=_H_JOB=_I_JOB=_J_JOB=_K_JOB=_L_JOB=,1656481743.3053787
1656481734.91249,28_A_JOB=_B_JOB=_C_JOB=_D_JOB=_E_JOB=_F_JOB=_G_JOB=_H_JOB=_I_JOB=_J_JOB=_K_JOB=_L_JOB=,1656481743.8667676
1656481735.313435,29_A_JOB=_B_JOB=_C_JOB=_D_JOB=_E_JOB=_F_JOB=_G_JOB=_H_JOB=_I_JOB=_J_JOB=_K_JOB=_L_JOB=,1656481744.4304423
1656481735.714658,30_A_JOB=_B_JOB=_C_JOB=_D_JOB=_E_JOB=_F_JOB=_G_JOB=_H_JOB=_I_JOB=_J_JOB=_K_JOB=_L_JOB=,1656481744.9925928
1656481736.1160538,31_A_JOB=_B_JOB=_C_JOB=_D_JOB=_E_JOB=_F_JOB=_G_JOB=_H_JOB=_I_JOB=_J_JOB=_K_JOB=_L_JOB=,1656481745.5550144
1656481736.5170705,32_A_JOB=_B_JOB=_C_JOB=_D_JOB=_E_JOB=_F_JOB=_G_JOB=_H_JOB=_I_JOB=_J_JOB=_K_JOB=_L_JOB=,1656481746.1159544
1656481736.918308,33_A_JOB=_B_JOB=_C_JOB=_D_JOB=_E_JOB=_F_JOB=_G_JOB=_H_JOB=_I_JOB=_J_JOB=_K_JOB=_L_JOB=,1656481746.6773968
1656481737.3193114,34_A_JOB=_B_JOB=_C_JOB=_D_JOB=_E_JOB=_F_JOB=_G_JOB=_H_JOB=_I_JOB=_J_JOB=_K_JOB=_L_JOB=,1656481747.2404084
1656481737.7203977,35_A_JOB=_B_JOB=_C_JOB=_D_JOB=_E_JOB=_F_JOB=_G_JOB=_H_JOB=_I_JOB=_J_JOB=_K_JOB=_L_JOB=,1656481747.8022988
1656481738.121363,36_A_JOB=_B_JOB=_C_JOB=_D_JOB=_E_JOB=_F_JOB=_G_JOB=_H_JOB=_I_JOB=_J_JOB=_K_JOB=_L_JOB=,1656481748.3661652
1656481738.5227387,37_A_JOB=_B_JOB=_C_JOB=_D_JOB=_E_JOB=_F_JOB=_G_JOB=_H_JOB=_I_JOB=_J_JOB=_K_JOB=_L_JOB=,1656481748.9261596
1656481738.924119,38_A_JOB=_B_JOB=_C_JOB=_D_JOB=_E_JOB=_F_JOB=_G_JOB=_H_JOB=_I_JOB=_J_JOB=_K_JOB=_L_JOB=,1656481749.4906688
1656481739.3248844,39_A_JOB=_B_JOB=_C_JOB=_D_JOB=_E_JOB=_F_JOB=_G_JOB=_H_JOB=_I_JOB=_J_JOB=_K_JOB=_L_JOB=,1656481750.0501068
1656481739.7257717,40_A_JOB=_B_JOB=_C_JOB=_D_JOB=_E_JOB=_F_JOB=_G_JOB=_H_JOB=_I_JOB=_J_JOB=_K_JOB=_L_JOB=,1656481750.612181
1656481740.1267717,41_A_JOB=_B_JOB=_C_JOB=_D_JOB=_E_JOB=_F_JOB=_G_JOB=_H_JOB=_I_JOB=_J_JOB=_K_JOB=_L_JOB=,1656481751.1747842
1656481740.5279567,42_A_JOB=_B_JOB=_C_JOB=_D_JOB=_E_JOB=_F_JOB=_G_JOB=_H_JOB=_I_JOB=_J_JOB=_K_JOB=_L_JOB=,1656481751.737438
1656481740.9289277,43_A_JOB=_B_JOB=_C_JOB=_D_JOB=_E_JOB=_F_JOB=_G_JOB=_H_JOB=_I_JOB=_J_JOB=_K_JOB=_L_JOB=,1656481752.2984014
1656481741.3301804,44_A_JOB=_B_JOB=_C_JOB=_D_JOB=_E_JOB=_F_JOB=_G_JOB=_H_JOB=_I_JOB=_J_JOB=_K_JOB=_L_JOB=,1656481752.858663
1656481741.7318428,45_A_JOB=_B_JOB=_C_JOB=_D_JOB=_E_JOB=_F_JOB=_G_JOB=_H_JOB=_I_JOB=_J_JOB=_K_JOB=_L_JOB=,1656481753.4231703
1656481742.132855,46_A_JOB=_B_JOB=_C_JOB=_D_JOB=_E_JOB=_F_JOB=_G_JOB=_H_JOB=_I_JOB=_J_JOB=_K_JOB=_L_JOB=,1656481753.9848151
1656481742.533992,47_A_JOB=_B_JOB=_C_JOB=_D_JOB=_E_JOB=_F_JOB=_G_JOB=_H_JOB=_I_JOB=_J_JOB=_K_JOB=_L_JOB=,1656481754.547264
1656481742.9350767,48_A_JOB=_B_JOB=_C_JOB=_D_JOB=_E_JOB=_F_JOB=_G_JOB=_H_JOB=_I_JOB=_J_JOB=_K_JOB=_L_JOB=,1656481755.1086533
1656481743.336104,49_A_JOB=_B_JOB=_C_JOB=_D_JOB=_E_JOB=_F_JOB=_G_JOB=_H_JOB=_I_JOB=_J_JOB=_K_JOB=_L_JOB=,1656481755.670482
1656481743.7371917,50_A_JOB=_B_JOB=_C_JOB=_D_JOB=_E_JOB=_F_JOB=_G_JOB=_H_JOB=_I_JOB=_J_JOB=_K_JOB=_L_JOB=,1656481756.2330766
1656481744.1384346,51_A_JOB=_B_JOB=_C_JOB=_D_JOB=_E_JOB=_F_JOB=_G_JOB=_H_JOB=_I_JOB=_J_JOB=_K_JOB=_L_JOB=,1656481756.7935917
1656481744.5396268,52_A_JOB=_B_JOB=_C_JOB=_D_JOB=_E_JOB=_F_JOB=_G_JOB=_H_JOB=_I_JOB=_J_JOB=_K_JOB=_L_JOB=,1656481757.3580303
1656481744.9412181,53_A_JOB=_B_JOB=_C_JOB=_D_JOB=_E_JOB=_F_JOB=_G_JOB=_H_JOB=_I_JOB=_J_JOB=_K_JOB=_L_JOB=,1656481757.9195154
1656481745.3422484,54_A_JOB=_B_JOB=_C_JOB=_D_JOB=_E_JOB=_F_JOB=_G_JOB=_H_JOB=_I_JOB=_J_JOB=_K_JOB=_L_JOB=,1656481758.4819214
1656481745.7432945,55_A_JOB=_B_JOB=_C_JOB=_D_JOB=_E_JOB=_F_JOB=_G_JOB=_H_JOB=_I_JOB=_J_JOB=_K_JOB=_L_JOB=,1656481759.0441818
1656481746.144441,56_A_JOB=_B_JOB=_C_JOB=_D_JOB=_E_JOB=_F_JOB=_G_JOB=_H_JOB=_I_JOB=_J_JOB=_K_JOB=_L_JOB=,1656481759.6061661
1656481746.5454125,57_A_JOB=_B_JOB=_C_JOB=_D_JOB=_E_JOB=_F_JOB=_G_JOB=_H_JOB=_I_JOB=_J_JOB=_K_JOB=_L_JOB=,1656481760.1672964
1656481746.946595,58_A_JOB=_B_JOB=_C_JOB=_D_JOB=_E_JOB=_F_JOB=_G_JOB=_H_JOB=_I_JOB=_J_JOB=_K_JOB=_L_JOB=,1656481760.729736
1656481747.347658,59_A_JOB=_B_JOB=_C_JOB=_D_JOB=_E_JOB=_F_JOB=_G_JOB=_H_JOB=_I_JOB=_J_JOB=_K_JOB=_L_JOB=,1656481761.2924967
1656481747.7488973,60_A_JOB=_B_JOB=_C_JOB=_D_JOB=_E_JOB=_F_JOB=_G_JOB=_H_JOB=_I_JOB=_J_JOB=_K_JOB=_L_JOB=,1656481761.8523874
1656481748.1499481,61_A_JOB=_B_JOB=_C_JOB=_D_JOB=_E_JOB=_F_JOB=_G_JOB=_H_JOB=_I_JOB=_J_JOB=_K_JOB=_L_JOB=,1656481762.4146032
1656481748.5510907,62_A_JOB=_B_JOB=_C_JOB=_D_JOB=_E_JOB=_F_JOB=_G_JOB=_H_JOB=_I_JOB=_J_JOB=_K_JOB=_L_JOB=,1656481762.9784853
1656481748.951876,63_A_JOB=_B_JOB=_C_JOB=_D_JOB=_E_JOB=_F_JOB=_G_JOB=_H_JOB=_I_JOB=_J_JOB=_K_JOB=_L_JOB=,1656481763.5400665
1656481749.352832,64_A_JOB=_B_JOB=_C_JOB=_D_JOB=_E_JOB=_F_JOB=_G_JOB=_H_JOB=_I_JOB=_J_JOB=_K_JOB=_L_JOB=,1656481764.100742
1656481749.7541444,65_A_JOB=_B_JOB=_C_JOB=_D_JOB=_E_JOB=_F_JOB=_G_JOB=_H_JOB=_I_JOB=_J_JOB=_K_JOB=_L_JOB=,1656481764.6621451
1656481750.15519,66_A_JOB=_B_JOB=_C_JOB=_D_JOB=_E_JOB=_F_JOB=_G_JOB=_H_JOB=_I_JOB=_J_JOB=_K_JOB=_L_JOB=,1656481765.2250078
1656481750.556459,67_A_JOB=_B_JOB=_C_JOB=_D_JOB=_E_JOB=_F_JOB=_G_JOB=_H_JOB=_I_JOB=_J_JOB=_K_JOB=_L_JOB=,1656481765.785038
1656481750.957504,68_A_JOB=_B_JOB=_C_JOB=_D_JOB=_E_JOB=_F_JOB=_G_JOB=_H_JOB=_I_JOB=_J_JOB=_K_JOB=_L_JOB=,1656481766.3493547
1656481751.3586273,69_A_JOB=_B_JOB=_C_JOB=_D_JOB=_E_JOB=_F_JOB=_G_JOB=_H_JOB=_I_JOB=_J_JOB=_K_JOB=_L_JOB=,1656481766.9099612
1656481751.7597187,70_A_JOB=_B_JOB=_C_JOB=_D_JOB=_E_JOB=_F_JOB=_G_JOB=_H_JOB=_I_JOB=_J_JOB=_K_JOB=_L_JOB=,1656481767.4716873
1656481752.1606538,71_A_JOB=_B_JOB=_C_JOB=_D_JOB=_E_JOB=_F_JOB=_G_JOB=_H_JOB=_I_JOB=_J_JOB=_K_JOB=_L_JOB=,1656481768.0334132
1656481752.561918,72_A_JOB=_B_JOB=_C_JOB=_D_JOB=_E_JOB=_F_JOB=_G_JOB=_H_JOB=_I_JOB=_J_JOB=_K_JOB=_L_JOB=,1656481768.5963962
1656481752.963141,73_A_JOB=_B_JOB=_C_JOB=_D_JOB=_E_JOB=_F_JOB=_G_JOB=_H_JOB=_I_JOB=_J_JOB=_K_JOB=_L_JOB=,1656481769.1586986
1656481753.3646307,74_A_JOB=_B_JOB=_C_JOB=_D_JOB=_E_JOB=_F_JOB=_G_JOB=_H_JOB=_I_JOB=_J_JOB=_K_JOB=_L_JOB=,1656481769.7205412
1656481753.7660542,75_A_JOB=_B_JOB=_C_JOB=_D_JOB=_E_JOB=_F_JOB=_G_JOB=_H_JOB=_I_JOB=_J_JOB=_K_JOB=_L_JOB=,1656481770.2835395
1656481754.1671333,76_A_JOB=_B_JOB=_C_JOB=_D_JOB=_E_JOB=_F_JOB=_G_JOB=_H_JOB=_I_JOB=_J_JOB=_K_JOB=_L_JOB=,1656481770.843377
1656481754.5682535,77_A_JOB=_B_JOB=_C_JOB=_D_JOB=_E_JOB=_F_JOB=_G_JOB=_H_JOB=_I_JOB=_J_JOB=_K_JOB=_L_JOB=,1656481771.406111
1656481754.9695513,78_A_JOB=_B_JOB=_C_JOB=_D_JOB=_E_JOB=_F_JOB=_G_JOB=_H_JOB=_I_JOB=_J_JOB=_K_JOB=_L_JOB=,1656481771.968619
1656481755.3706412,79_A_JOB=_B_JOB=_C_JOB=_D_JOB=_E_JOB=_F_JOB=_G_JOB=_H_JOB=_I_JOB=_J_JOB=_K_JOB=_L_JOB=,1656481772.5307193
1656481755.7721655,80_A_JOB=_B_JOB=_C_JOB=_D_JOB=_E_JOB=_F_JOB=_G_JOB=_H_JOB=_I_JOB=_J_JOB=_K_JOB=_L_JOB=,1656481773.0923393
1656481756.1733415,81_A_JOB=_B_JOB=_C_JOB=_D_JOB=_E_JOB=_F_JOB=_G_JOB=_H_JOB=_I_JOB=_J_JOB=_K_JOB=_L_JOB=,1656481773.653283
1656481756.5748682,82_A_JOB=_B_JOB=_C_JOB=_D_JOB=_E_JOB=_F_JOB=_G_JOB=_H_JOB=_I_JOB=_J_JOB=_K_JOB=_L_JOB=,1656481774.2159882
1656481756.9760761,83_A_JOB=_B_JOB=_C_JOB=_D_JOB=_E_JOB=_F_JOB=_G_JOB=_H_JOB=_I_JOB=_J_JOB=_K_JOB=_L_JOB=,1656481774.7768683
1656481757.3770902,84_A_JOB=_B_JOB=_C_JOB=_D_JOB=_E_JOB=_F_JOB=_G_JOB=_H_JOB=_I_JOB=_J_JOB=_K_JOB=_L_JOB=,1656481775.3411393
1656481757.7782266,85_A_JOB=_B_JOB=_C_JOB=_D_JOB=_E_JOB=_F_JOB=_G_JOB=_H_JOB=_I_JOB=_J_JOB=_K_JOB=_L_JOB=,1656481775.9014115
1656481758.1793473,86_A_JOB=_B_JOB=_C_JOB=_D_JOB=_E_JOB=_F_JOB=_G_JOB=_H_JOB=_I_JOB=_J_JOB=_K_JOB=_L_JOB=,1656481776.464603
1656481758.5803952,87_A_JOB=_B_JOB=_C_JOB=_D_JOB=_E_JOB=_F_JOB=_G_JOB=_H_JOB=_I_JOB=_J_JOB=_K_JOB=_L_JOB=,1656481777.0267916
1656481758.9816132,88_A_JOB=_B_JOB=_C_JOB=_D_JOB=_E_JOB=_F_JOB=_G_JOB=_H_JOB=_I_JOB=_J_JOB=_K_JOB=_L_JOB=,1656481777.588275
1656481759.3832128,89_A_JOB=_B_JOB=_C_JOB=_D_JOB=_E_JOB=_F_JOB=_G_JOB=_H_JOB=_I_JOB=_J_JOB=_K_JOB=_L_JOB=,1656481778.152113
1656481759.7844133,90_A_JOB=_B_JOB=_C_JOB=_D_JOB=_E_JOB=_F_JOB=_G_JOB=_H_JOB=_I_JOB=_J_JOB=_K_JOB=_L_JOB=,1656481778.711495
1656481760.1855822,91_A_JOB=_B_JOB=_C_JOB=_D_JOB=_E_JOB=_F_JOB=_G_JOB=_H_JOB=_I_JOB=_J_JOB=_K_JOB=_L_JOB=,1656481779.276095
1656481760.586756,92_A_JOB=_B_JOB=_C_JOB=_D_JOB=_E_JOB=_F_JOB=_G_JOB=_H_JOB=_I_JOB=_J_JOB=_K_JOB=_L_JOB=,1656481779.8368604
1656481760.9878266,93_A_JOB=_B_JOB=_C_JOB=_D_JOB=_E_JOB=_F_JOB=_G_JOB=_H_JOB=_I_JOB=_J_JOB=_K_JOB=_L_JOB=,1656481780.4007506
1656481761.3890693,94_A_JOB=_B_JOB=_C_JOB=_D_JOB=_E_JOB=_F_JOB=_G_JOB=_H_JOB=_I_JOB=_J_JOB=_K_JOB=_L_JOB=,1656481780.9610517
1656481761.7904825,95_A_JOB=_B_JOB=_C_JOB=_D_JOB=_E_JOB=_F_JOB=_G_JOB=_H_JOB=_I_JOB=_J_JOB=_K_JOB=_L_JOB=,1656481781.5246913
1656481762.1916244,96_A_JOB=_B_JOB=_C_JOB=_D_JOB=_E_JOB=_F_JOB=_G_JOB=_H_JOB=_I_JOB=_J_JOB=_K_JOB=_L_JOB=,1656481782.086131
1656481762.5927663,97_A_JOB=_B_JOB=_C_JOB=_D_JOB=_E_JOB=_F_JOB=_G_JOB=_H_JOB=_I_JOB=_J_JOB=_K_JOB=_L_JOB=,1656481782.647975
1656481762.9938452,98_A_JOB=_B_JOB=_C_JOB=_D_JOB=_E_JOB=_F_JOB=_G_JOB=_H_JOB=_I_JOB=_J_JOB=_K_JOB=_L_JOB=,1656481783.2114317
1656481763.3948014,99_A_JOB=_B_JOB=_C_JOB=_D_JOB=_E_JOB=_F_JOB=_G_JOB=_H_JOB=_I_JOB=_J_JOB=_K_JOB=_L_JOB=,1656481783.7739828
1656481763.7960324,100_A_JOB=_B_JOB=_C_JOB=_D_JOB=_E_JOB=_F_JOB=_G_JOB=_H_JOB=_I_JOB=_J_JOB=_K_JOB=_L_JOB=,1656481784.3354106
1656481764.1973,101_A_JOB=_B_JOB=_C_JOB=_D_JOB=_E_JOB=_F_JOB=_G_JOB=_H_JOB=_I_JOB=_J_JOB=_K_JOB=_L_JOB=,1656481784.89696
1656481764.5987177,102_A_JOB=_B_JOB=_C_JOB=_D_JOB=_E_JOB=_F_JOB=_G_JOB=_H_JOB=_I_JOB=_J_JOB=_K_JOB=_L_JOB=,1656481785.4593956
1656481764.9999769,103_A_JOB=_B_JOB=_C_JOB=_D_JOB=_E_JOB=_F_JOB=_G_JOB=_H_JOB=_I_JOB=_J_JOB=_K_JOB=_L_JOB=,1656481786.022788
1656481765.4011726,104_A_JOB=_B_JOB=_C_JOB=_D_JOB=_E_JOB=_F_JOB=_G_JOB=_H_JOB=_I_JOB=_J_JOB=_K_JOB=_L_JOB=,1656481786.5841744
1656481765.8021765,105_A_JOB=_B_JOB=_C_JOB=_D_JOB=_E_JOB=_F_JOB=_G_JOB=_H_JOB=_I_JOB=_J_JOB=_K_JOB=_L_JOB=,1656481787.146132
1656481766.203292,106_A_JOB=_B_JOB=_C_JOB=_D_JOB=_E_JOB=_F_JOB=_G_JOB=_H_JOB=_I_JOB=_J_JOB=_K_JOB=_L_JOB=,1656481787.7069204
1656481766.6042829,107_A_JOB=_B_JOB=_C_JOB=_D_JOB=_E_JOB=_F_JOB=_G_JOB=_H_JOB=_I_JOB=_J_JOB=_K_JOB=_L_JOB=,1656481788.2699172
1656481767.0052385,108_A_JOB=_B_JOB=_C_JOB=_D_JOB=_E_JOB=_F_JOB=_G_JOB=_H_JOB=_I_JOB=_J_JOB=_K_JOB=_L_JOB=,1656481788.830388
1656481767.4061656,109_A_JOB=_B_JOB=_C_JOB=_D_JOB=_E_JOB=_F_JOB=_G_JOB=_H_JOB=_I_JOB=_J_JOB=_K_JOB=_L_JOB=,1656481789.3943145
1656481767.807205,110_A_JOB=_B_JOB=_C_JOB=_D_JOB=_E_JOB=_F_JOB=_G_JOB=_H_JOB=_I_JOB=_J_JOB=_K_JOB=_L_JOB=,1656481789.9553914
1656481768.208733,111_A_JOB=_B_JOB=_C_JOB=_D_JOB=_E_JOB=_F_JOB=_G_JOB=_H_JOB=_I_JOB=_J_JOB=_K_JOB=_L_JOB=,1656481790.5182352
1656481768.6098676,112_A_JOB=_B_JOB=_C_JOB=_D_JOB=_E_JOB=_F_JOB=_G_JOB=_H_JOB=_I_JOB=_J_JOB=_K_JOB=_L_JOB=,1656481791.0811934
1656481769.0110698,113_A_JOB=_B_JOB=_C_JOB=_D_JOB=_E_JOB=_F_JOB=_G_JOB=_H_JOB=_I_JOB=_J_JOB=_K_JOB=_L_JOB=,1656481791.6424227
1656481769.4121394,114_A_JOB=_B_JOB=_C_JOB=_D_JOB=_E_JOB=_F_JOB=_G_JOB=_H_JOB=_I_JOB=_J_JOB=_K_JOB=_L_JOB=,1656481792.2041576
1656481769.813289,115_A_JOB=_B_JOB=_C_JOB=_D_JOB=_E_JOB=_F_JOB=_G_JOB=_H_JOB=_I_JOB=_J_JOB=_K_JOB=_L_JOB=,1656481792.766691
1656481770.2142947,116_A_JOB=_B_JOB=_C_JOB=_D_JOB=_E_JOB=_F_JOB=_G_JOB=_H_JOB=_I_JOB=_J_JOB=_K_JOB=_L_JOB=,1656481793.3276126
1656481770.6153603,117_A_JOB=_B_JOB=_C_JOB=_D_JOB=_E_JOB=_F_JOB=_G_JOB=_H_JOB=_I_JOB=_J_JOB=_K_JOB=_L_JOB=,1656481793.8888621
1656481771.0169067,118_A_JOB=_B_JOB=_C_JOB=_D_JOB=_E_JOB=_F_JOB=_G_JOB=_H_JOB=_I_JOB=_J_JOB=_K_JOB=_L_JOB=,1656481794.4530594
1656481771.418157,119_A_JOB=_B_JOB=_C_JOB=_D_JOB=_E_JOB=_F_JOB=_G_JOB=_H_JOB=_I_JOB=_J_JOB=_K_JOB=_L_JOB=,1656481795.014095
1656481771.8190966,120_A_JOB=_B_JOB=_C_JOB=_D_JOB=_E_JOB=_F_JOB=_G_JOB=_H_JOB=_I_JOB=_J_JOB=_K_JOB=_L_JOB=,1656481795.577259
1656481772.2202296,121_A_JOB=_B_JOB=_C_JOB=_D_JOB=_E_JOB=_F_JOB=_G_JOB=_H_JOB=_I_JOB=_J_JOB=_K_JOB=_L_JOB=,1656481796.1401505
1656481772.6213524,122_A_JOB=_B_JOB=_C_JOB=_D_JOB=_E_JOB=_F_JOB=_G_JOB=_H_JOB=_I_JOB=_J_JOB=_K_JOB=_L_JOB=,1656481796.7000728
1656481773.02248,123_A_JOB=_B_JOB=_C_JOB=_D_JOB=_E_JOB=_F_JOB=_G_JOB=_H_JOB=_I_JOB=_J_JOB=_K_JOB=_L_JOB=,1656481797.262938
1656481773.4237022,124_A_JOB=_B_JOB=_C_JOB=_D_JOB=_E_JOB=_F_JOB=_G_JOB=_H_JOB=_I_JOB=_J_JOB=_K_JOB=_L_JOB=,1656481797.82382
1656481773.8250377,125_A_JOB=_B_JOB=_C_JOB=_D_JOB=_E_JOB=_F_JOB=_G_JOB=_H_JOB=_I_JOB=_J_JOB=_K_JOB=_L_JOB=,1656481798.410862
1656481774.2261982,126_A_JOB=_B_JOB=_C_JOB=_D_JOB=_E_JOB=_F_JOB=_G_JOB=_H_JOB=_I_JOB=_J_JOB=_K_JOB=_L_JOB=,1656481798.948274
1656481774.6276448,127_A_JOB=_B_JOB=_C_JOB=_D_JOB=_E_JOB=_F_JOB=_G_JOB=_H_JOB=_I_JOB=_J_JOB=_K_JOB=_L_JOB=,1656481799.511591
1656481775.0284657,128_A_JOB=_B_JOB=_C_JOB=_D_JOB=_E_JOB=_F_JOB=_G_JOB=_H_JOB=_I_JOB=_J_JOB=_K_JOB=_L_JOB=,1656481800.07173
1656481775.4295309,129_A_JOB=_B_JOB=_C_JOB=_D_JOB=_E_JOB=_F_JOB=_G_JOB=_H_JOB=_I_JOB=_J_JOB=_K_JOB=_L_JOB=,1656481800.6330237
1656481775.8306968,130_A_JOB=_B_JOB=_C_JOB=_D_JOB=_E_JOB=_F_JOB=_G_JOB=_H_JOB=_I_JOB=_J_JOB=_K_JOB=_L_JOB=,1656481801.1979935
1656481776.2319016,131_A_JOB=_B_JOB=_C_JOB=_D_JOB=_E_JOB=_F_JOB=_G_JOB=_H_JOB=_I_JOB=_J_JOB=_K_JOB=_L_JOB=,1656481801.757796
1656481776.6330771,132_A_JOB=_B_JOB=_C_JOB=_D_JOB=_E_JOB=_F_JOB=_G_JOB=_H_JOB=_I_JOB=_J_JOB=_K_JOB=_L_JOB=,1656481802.3204236
1656481777.034204,133_A_JOB=_B_JOB=_C_JOB=_D_JOB=_E_JOB=_F_JOB=_G_JOB=_H_JOB=_I_JOB=_J_JOB=_K_JOB=_L_JOB=,1656481802.8820114
1656481777.4350905,134_A_JOB=_B_JOB=_C_JOB=_D_JOB=_E_JOB=_F_JOB=_G_JOB=_H_JOB=_I_JOB=_J_JOB=_K_JOB=_L_JOB=,1656481803.4444163
1656481777.8362005,135_A_JOB=_B_JOB=_C_JOB=_D_JOB=_E_JOB=_F_JOB=_G_JOB=_H_JOB=_I_JOB=_J_JOB=_K_JOB=_L_JOB=,1656481804.0063627
1656481778.237221,136_A_JOB=_B_JOB=_C_JOB=_D_JOB=_E_JOB=_F_JOB=_G_JOB=_H_JOB=_I_JOB=_J_JOB=_K_JOB=_L_JOB=,1656481804.5679593
1656481778.638199,137_A_JOB=_B_JOB=_C_JOB=_D_JOB=_E_JOB=_F_JOB=_G_JOB=_H_JOB=_I_JOB=_J_JOB=_K_JOB=_L_JOB=,1656481805.1302042
1656481779.039514,138_A_JOB=_B_JOB=_C_JOB=_D_JOB=_E_JOB=_F_JOB=_G_JOB=_H_JOB=_I_JOB=_J_JOB=_K_JOB=_L_JOB=,1656481805.6912975
1656481779.4405098,139_A_JOB=_B_JOB=_C_JOB=_D_JOB=_E_JOB=_F_JOB=_G_JOB=_H_JOB=_I_JOB=_J_JOB=_K_JOB=_L_JOB=,1656481806.254989
1656481779.841288,140_A_JOB=_B_JOB=_C_JOB=_D_JOB=_E_JOB=_F_JOB=_G_JOB=_H_JOB=_I_JOB=_J_JOB=_K_JOB=_L_JOB=,1656481806.8167214
1656481780.2420459,141_A_JOB=_B_JOB=_C_JOB=_D_JOB=_E_JOB=_F_JOB=_G_JOB=_H_JOB=_I_JOB=_J_JOB=_K_JOB=_L_JOB=,1656481807.379728
1656481780.6432233,142_A_JOB=_B_JOB=_C_JOB=_D_JOB=_E_JOB=_F_JOB=_G_JOB=_H_JOB=_I_JOB=_J_JOB=_K_JOB=_L_JOB=,1656481807.94099
1656481781.0442655,143_A_JOB=_B_JOB=_C_JOB=_D_JOB=_E_JOB=_F_JOB=_G_JOB=_H_JOB=_I_JOB=_J_JOB=_K_JOB=_L_JOB=,1656481808.5051198
1656481781.4455874,144_A_JOB=_B_JOB=_C_JOB=_D_JOB=_E_JOB=_F_JOB=_G_JOB=_H_JOB=_I_JOB=_J_JOB=_K_JOB=_L_JOB=,1656481809.0657976
1656481781.8471851,145_A_JOB=_B_JOB=_C_JOB=_D_JOB=_E_JOB=_F_JOB=_G_JOB=_H_JOB=_I_JOB=_J_JOB=_K_JOB=_L_JOB=,1656481809.6275516
1656481782.2482111,146_A_JOB=_B_JOB=_C_JOB=_D_JOB=_E_JOB=_F_JOB=_G_JOB=_H_JOB=_I_JOB=_J_JOB=_K_JOB=_L_JOB=,1656481810.2347631
1656481782.6491582,147_A_JOB=_B_JOB=_C_JOB=_D_JOB=_E_JOB=_F_JOB=_G_JOB=_H_JOB=_I_JOB=_J_JOB=_K_JOB=_L_JOB=,1656481810.7509599
1656481783.0501378,148_A_JOB=_B_JOB=_C_JOB=_D_JOB=_E_JOB=_F_JOB=_G_JOB=_H_JOB=_I_JOB=_J_JOB=_K_JOB=_L_JOB=,1656481811.3147633
1656481783.4518008,149_A_JOB=_B_JOB=_C_JOB=_D_JOB=_E_JOB=_F_JOB=_G_JOB=_H_JOB=_I_JOB=_J_JOB=_K_JOB=_L_JOB=,1656481811.877585
1656481783.852842,150_A_JOB=_B_JOB=_C_JOB=_D_JOB=_E_JOB=_F_JOB=_G_JOB=_H_JOB=_I_JOB=_J_JOB=_K_JOB=_L_JOB=,1656481812.437716
1656481784.2539678,151_A_JOB=_B_JOB=_C_JOB=_D_JOB=_E_JOB=_F_JOB=_G_JOB=_H_JOB=_I_JOB=_J_JOB=_K_JOB=_L_JOB=,1656481812.9986832
1656481784.6550725,152_A_JOB=_B_JOB=_C_JOB=_D_JOB=_E_JOB=_F_JOB=_G_JOB=_H_JOB=_I_JOB=_J_JOB=_K_JOB=_L_JOB=,1656481813.5622284
1656481785.0563173,153_A_JOB=_B_JOB=_C_JOB=_D_JOB=_E_JOB=_F_JOB=_G_JOB=_H_JOB=_I_JOB=_J_JOB=_K_JOB=_L_JOB=,1656481814.124484
1656481785.4574099,154_A_JOB=_B_JOB=_C_JOB=_D_JOB=_E_JOB=_F_JOB=_G_JOB=_H_JOB=_I_JOB=_J_JOB=_K_JOB=_L_JOB=,1656481814.686174
1656481785.858546,155_A_JOB=_B_JOB=_C_JOB=_D_JOB=_E_JOB=_F_JOB=_G_JOB=_H_JOB=_I_JOB=_J_JOB=_K_JOB=_L_JOB=,1656481815.2479248
1656481786.2598367,156_A_JOB=_B_JOB=_C_JOB=_D_JOB=_E_JOB=_F_JOB=_G_JOB=_H_JOB=_I_JOB=_J_JOB=_K_JOB=_L_JOB=,1656481815.8096435
1656481786.660796,157_A_JOB=_B_JOB=_C_JOB=_D_JOB=_E_JOB=_F_JOB=_G_JOB=_H_JOB=_I_JOB=_J_JOB=_K_JOB=_L_JOB=,1656481816.3735228
1656481787.0617628,158_A_JOB=_B_JOB=_C_JOB=_D_JOB=_E_JOB=_F_JOB=_G_JOB=_H_JOB=_I_JOB=_J_JOB=_K_JOB=_L_JOB=,1656481816.9359841
1656481787.4629216,159_A_JOB=_B_JOB=_C_JOB=_D_JOB=_E_JOB=_F_JOB=_G_JOB=_H_JOB=_I_JOB=_J_JOB=_K_JOB=_L_JOB=,1656481817.497793
1656481787.8639936,160_A_JOB=_B_JOB=_C_JOB=_D_JOB=_E_JOB=_F_JOB=_G_JOB=_H_JOB=_I_JOB=_J_JOB=_K_JOB=_L_JOB=,1656481818.0599754
1656481788.2653399,161_A_JOB=_B_JOB=_C_JOB=_D_JOB=_E_JOB=_F_JOB=_G_JOB=_H_JOB=_I_JOB=_J_JOB=_K_JOB=_L_JOB=,1656481818.621914
1656481788.6662574,162_A_JOB=_B_JOB=_C_JOB=_D_JOB=_E_JOB=_F_JOB=_G_JOB=_H_JOB=_I_JOB=_J_JOB=_K_JOB=_L_JOB=,1656481819.1850247
1656481789.0679095,163_A_JOB=_B_JOB=_C_JOB=_D_JOB=_E_JOB=_F_JOB=_G_JOB=_H_JOB=_I_JOB=_J_JOB=_K_JOB=_L_JOB=,1656481819.7468584
1656481789.4689088,164_A_JOB=_B_JOB=_C_JOB=_D_JOB=_E_JOB=_F_JOB=_G_JOB=_H_JOB=_I_JOB=_J_JOB=_K_JOB=_L_JOB=,1656481820.3087983
1656481789.8701136,165_A_JOB=_B_JOB=_C_JOB=_D_JOB=_E_JOB=_F_JOB=_G_JOB=_H_JOB=_I_JOB=_J_JOB=_K_JOB=_L_JOB=,1656481820.8699605
1656481790.2711213,166_A_JOB=_B_JOB=_C_JOB=_D_JOB=_E_JOB=_F_JOB=_G_JOB=_H_JOB=_I_JOB=_J_JOB=_K_JOB=_L_JOB=,1656481821.4338453
1656481790.6725152,167_A_JOB=_B_JOB=_C_JOB=_D_JOB=_E_JOB=_F_JOB=_G_JOB=_H_JOB=_I_JOB=_J_JOB=_K_JOB=_L_JOB=,1656481821.9948459
1656481791.0739121,168_A_JOB=_B_JOB=_C_JOB=_D_JOB=_E_JOB=_F_JOB=_G_JOB=_H_JOB=_I_JOB=_J_JOB=_K_JOB=_L_JOB=,1656481822.5568364
1656481791.4751468,169_A_JOB=_B_JOB=_C_JOB=_D_JOB=_E_JOB=_F_JOB=_G_JOB=_H_JOB=_I_JOB=_J_JOB=_K_JOB=_L_JOB=,1656481823.118321
1656481791.8762271,170_A_JOB=_B_JOB=_C_JOB=_D_JOB=_E_JOB=_F_JOB=_G_JOB=_H_JOB=_I_JOB=_J_JOB=_K_JOB=_L_JOB=,1656481823.6802907
1656481792.2769582,171_A_JOB=_B_JOB=_C_JOB=_D_JOB=_E_JOB=_F_JOB=_G_JOB=_H_JOB=_I_JOB=_J_JOB=_K_JOB=_L_JOB=,1656481824.2426617
1656481792.6779804,172_A_JOB=_B_JOB=_C_JOB=_D_JOB=_E_JOB=_F_JOB=_G_JOB=_H_JOB=_I_JOB=_J_JOB=_K_JOB=_L_JOB=,1656481824.805277
1656481793.0790484,173_A_JOB=_B_JOB=_C_JOB=_D_JOB=_E_JOB=_F_JOB=_G_JOB=_H_JOB=_I_JOB=_J_JOB=_K_JOB=_L_JOB=,1656481825.3673
1656481793.4802244,174_A_JOB=_B_JOB=_C_JOB=_D_JOB=_E_JOB=_F_JOB=_G_JOB=_H_JOB=_I_JOB=_J_JOB=_K_JOB=_L_JOB=,1656481825.9283357
1656481793.881259,175_A_JOB=_B_JOB=_C_JOB=_D_JOB=_E_JOB=_F_JOB=_G_JOB=_H_JOB=_I_JOB=_J_JOB=_K_JOB=_L_JOB=,1656481826.4918556
1656481794.2823384,176_A_JOB=_B_JOB=_C_JOB=_D_JOB=_E_JOB=_F_JOB=_G_JOB=_H_JOB=_I_JOB=_J_JOB=_K_JOB=_L_JOB=,1656481827.0527637
1656481794.6835032,177_A_JOB=_B_JOB=_C_JOB=_D_JOB=_E_JOB=_F_JOB=_G_JOB=_H_JOB=_I_JOB=_J_JOB=_K_JOB=_L_JOB=,1656481827.6149175
1656481795.0846088,178_A_JOB=_B_JOB=_C_JOB=_D_JOB=_E_JOB=_F_JOB=_G_JOB=_H_JOB=_I_JOB=_J_JOB=_K_JOB=_L_JOB=,1656481828.177606
1656481795.485953,179_A_JOB=_B_JOB=_C_JOB=_D_JOB=_E_JOB=_F_JOB=_G_JOB=_H_JOB=_I_JOB=_J_JOB=_K_JOB=_L_JOB=,1656481828.738331
1656481795.8871891,180_A_JOB=_B_JOB=_C_JOB=_D_JOB=_E_JOB=_F_JOB=_G_JOB=_H_JOB=_I_JOB=_J_JOB=_K_JOB=_L_JOB=,1656481829.3020654
1656481796.2883546,181_A_JOB=_B_JOB=_C_JOB=_D_JOB=_E_JOB=_F_JOB=_G_JOB=_H_JOB=_I_JOB=_J_JOB=_K_JOB=_L_JOB=,1656481829.8624895
1656481796.6900244,182_A_JOB=_B_JOB=_C_JOB=_D_JOB=_E_JOB=_F_JOB=_G_JOB=_H_JOB=_I_JOB=_J_JOB=_K_JOB=_L_JOB=,1656481830.4261281
1656481797.091159,183_A_JOB=_B_JOB=_C_JOB=_D_JOB=_E_JOB=_F_JOB=_G_JOB=_H_JOB=_I_JOB=_J_JOB=_K_JOB=_L_JOB=,1656481830.987432
1656481797.4924695,184_A_JOB=_B_JOB=_C_JOB=_D_JOB=_E_JOB=_F_JOB=_G_JOB=_H_JOB=_I_JOB=_J_JOB=_K_JOB=_L_JOB=,1656481831.5497434
1656481797.8935888,185_A_JOB=_B_JOB=_C_JOB=_D_JOB=_E_JOB=_F_JOB=_G_JOB=_H_JOB=_I_JOB=_J_JOB=_K_JOB=_L_JOB=,1656481832.1132312
1656481798.2947447,186_A_JOB=_B_JOB=_C_JOB=_D_JOB=_E_JOB=_F_JOB=_G_JOB=_H_JOB=_I_JOB=_J_JOB=_K_JOB=_L_JOB=,1656481832.6741133
1656481798.6958237,187_A_JOB=_B_JOB=_C_JOB=_D_JOB=_E_JOB=_F_JOB=_G_JOB=_H_JOB=_I_JOB=_J_JOB=_K_JOB=_L_JOB=,1656481833.235976
1656481799.096931,188_A_JOB=_B_JOB=_C_JOB=_D_JOB=_E_JOB=_F_JOB=_G_JOB=_H_JOB=_I_JOB=_J_JOB=_K_JOB=_L_JOB=,1656481833.7971215
1656481799.4981613,189_A_JOB=_B_JOB=_C_JOB=_D_JOB=_E_JOB=_F_JOB=_G_JOB=_H_JOB=_I_JOB=_J_JOB=_K_JOB=_L_JOB=,1656481834.360338
1656481799.8989887,190_A_JOB=_B_JOB=_C_JOB=_D_JOB=_E_JOB=_F_JOB=_G_JOB=_H_JOB=_I_JOB=_J_JOB=_K_JOB=_L_JOB=,1656481834.921574
1656481800.3001714,191_A_JOB=_B_JOB=_C_JOB=_D_JOB=_E_JOB=_F_JOB=_G_JOB=_H_JOB=_I_JOB=_J_JOB=_K_JOB=_L_JOB=,1656481835.4846494
1656481800.7011714,192_A_JOB=_B_JOB=_C_JOB=_D_JOB=_E_JOB=_F_JOB=_G_JOB=_H_JOB=_I_JOB=_J_JOB=_K_JOB=_L_JOB=,1656481836.046178
1656481801.102213,193_A_JOB=_B_JOB=_C_JOB=_D_JOB=_E_JOB=_F_JOB=_G_JOB=_H_JOB=_I_JOB=_J_JOB=_K_JOB=_L_JOB=,1656481836.6083214
1656481801.5031486,194_A_JOB=_B_JOB=_C_JOB=_D_JOB=_E_JOB=_F_JOB=_G_JOB=_H_JOB=_I_JOB=_J_JOB=_K_JOB=_L_JOB=,1656481837.1698153
1656481801.9043021,195_A_JOB=_B_JOB=_C_JOB=_D_JOB=_E_JOB=_F_JOB=_G_JOB=_H_JOB=_I_JOB=_J_JOB=_K_JOB=_L_JOB=,1656481837.7323546
1656481802.3054767,196_A_JOB=_B_JOB=_C_JOB=_D_JOB=_E_JOB=_F_JOB=_G_JOB=_H_JOB=_I_JOB=_J_JOB=_K_JOB=_L_JOB=,1656481838.293777
1656481802.706539,197_A_JOB=_B_JOB=_C_JOB=_D_JOB=_E_JOB=_F_JOB=_G_JOB=_H_JOB=_I_JOB=_J_JOB=_K_JOB=_L_JOB=,1656481838.8559918
1656481803.10766,198_A_JOB=_B_JOB=_C_JOB=_D_JOB=_E_JOB=_F_JOB=_G_JOB=_H_JOB=_I_JOB=_J_JOB=_K_JOB=_L_JOB=,1656481839.417926
1656481803.508815,199_A_JOB=_B_JOB=_C_JOB=_D_JOB=_E_JOB=_F_JOB=_G_JOB=_H_JOB=_I_JOB=_J_JOB=_K_JOB=_L_JOB=,1656481839.979739
1656481803.9097953,200_A_JOB=_B_JOB=_C_JOB=_D_JOB=_E_JOB=_F_JOB=_G_JOB=_H_JOB=_I_JOB=_J_JOB=_K_JOB=_L_JOB=,1656481840.5443041
1656481804.310949,201_A_JOB=_B_JOB=_C_JOB=_D_JOB=_E_JOB=_F_JOB=_G_JOB=_H_JOB=_I_JOB=_J_JOB=_K_JOB=_L_JOB=,1656481841.10422
1656481804.7121823,202_A_JOB=_B_JOB=_C_JOB=_D_JOB=_E_JOB=_F_JOB=_G_JOB=_H_JOB=_I_JOB=_J_JOB=_K_JOB=_L_JOB=,1656481841.6649969
1656481805.1137369,203_A_JOB=_B_JOB=_C_JOB=_D_JOB=_E_JOB=_F_JOB=_G_JOB=_H_JOB=_I_JOB=_J_JOB=_K_JOB=_L_JOB=,1656481842.2271757
1656481805.514812,204_A_JOB=_B_JOB=_C_JOB=_D_JOB=_E_JOB=_F_JOB=_G_JOB=_H_JOB=_I_JOB=_J_JOB=_K_JOB=_L_JOB=,1656481842.78882
1656481805.9161882,205_A_JOB=_B_JOB=_C_JOB=_D_JOB=_E_JOB=_F_JOB=_G_JOB=_H_JOB=_I_JOB=_J_JOB=_K_JOB=_L_JOB=,1656481843.3512473
1656481806.3172863,206_A_JOB=_B_JOB=_C_JOB=_D_JOB=_E_JOB=_F_JOB=_G_JOB=_H_JOB=_I_JOB=_J_JOB=_K_JOB=_L_JOB=,1656481843.9134393
1656481806.7183268,207_A_JOB=_B_JOB=_C_JOB=_D_JOB=_E_JOB=_F_JOB=_G_JOB=_H_JOB=_I_JOB=_J_JOB=_K_JOB=_L_JOB=,1656481844.4762812
1656481807.1193936,208_A_JOB=_B_JOB=_C_JOB=_D_JOB=_E_JOB=_F_JOB=_G_JOB=_H_JOB=_I_JOB=_J_JOB=_K_JOB=_L_JOB=,1656481845.0372741
1656481807.520568,209_A_JOB=_B_JOB=_C_JOB=_D_JOB=_E_JOB=_F_JOB=_G_JOB=_H_JOB=_I_JOB=_J_JOB=_K_JOB=_L_JOB=,1656481845.5993083
1656481807.9219148,210_A_JOB=_B_JOB=_C_JOB=_D_JOB=_E_JOB=_F_JOB=_G_JOB=_H_JOB=_I_JOB=_J_JOB=_K_JOB=_L_JOB=,1656481846.160677
1656481808.32329,211_A_JOB=_B_JOB=_C_JOB=_D_JOB=_E_JOB=_F_JOB=_G_JOB=_H_JOB=_I_JOB=_J_JOB=_K_JOB=_L_JOB=,1656481846.722497
1656481808.7244277,212_A_JOB=_B_JOB=_C_JOB=_D_JOB=_E_JOB=_F_JOB=_G_JOB=_H_JOB=_I_JOB=_J_JOB=_K_JOB=_L_JOB=,1656481847.2847142
1656481809.1255624,213_A_JOB=_B_JOB=_C_JOB=_D_JOB=_E_JOB=_F_JOB=_G_JOB=_H_JOB=_I_JOB=_J_JOB=_K_JOB=_L_JOB=,1656481847.8452995
1656481809.5266442,214_A_JOB=_B_JOB=_C_JOB=_D_JOB=_E_JOB=_F_JOB=_G_JOB=_H_JOB=_I_JOB=_J_JOB=_K_JOB=_L_JOB=,1656481848.409017
1656481809.92793,215_A_JOB=_B_JOB=_C_JOB=_D_JOB=_E_JOB=_F_JOB=_G_JOB=_H_JOB=_I_JOB=_J_JOB=_K_JOB=_L_JOB=,1656481848.97024
1656481810.3289979,216_A_JOB=_B_JOB=_C_JOB=_D_JOB=_E_JOB=_F_JOB=_G_JOB=_H_JOB=_I_JOB=_J_JOB=_K_JOB=_L_JOB=,1656481849.5334682
1656481810.7300441,217_A_JOB=_B_JOB=_C_JOB=_D_JOB=_E_JOB=_F_JOB=_G_JOB=_H_JOB=_I_JOB=_J_JOB=_K_JOB=_L_JOB=,1656481850.095803
1656481811.1314373,218_A_JOB=_B_JOB=_C_JOB=_D_JOB=_E_JOB=_F_JOB=_G_JOB=_H_JOB=_I_JOB=_J_JOB=_K_JOB=_L_JOB=,1656481850.6569824
1656481811.532524,219_A_JOB=_B_JOB=_C_JOB=_D_JOB=_E_JOB=_F_JOB=_G_JOB=_H_JOB=_I_JOB=_J_JOB=_K_JOB=_L_JOB=,1656481851.219951
1656481811.9336307,220_A_JOB=_B_JOB=_C_JOB=_D_JOB=_E_JOB=_F_JOB=_G_JOB=_H_JOB=_I_JOB=_J_JOB=_K_JOB=_L_JOB=,1656481851.780619
1656481812.3346663,221_A_JOB=_B_JOB=_C_JOB=_D_JOB=_E_JOB=_F_JOB=_G_JOB=_H_JOB=_I_JOB=_J_JOB=_K_JOB=_L_JOB=,1656481852.3437383
1656481812.7361314,222_A_JOB=_B_JOB=_C_JOB=_D_JOB=_E_JOB=_F_JOB=_G_JOB=_H_JOB=_I_JOB=_J_JOB=_K_JOB=_L_JOB=,1656481852.9045365
1656481813.137263,223_A_JOB=_B_JOB=_C_JOB=_D_JOB=_E_JOB=_F_JOB=_G_JOB=_H_JOB=_I_JOB=_J_JOB=_K_JOB=_L_JOB=,1656481853.4673557
1656481813.5386946,224_A_JOB=_B_JOB=_C_JOB=_D_JOB=_E_JOB=_F_JOB=_G_JOB=_H_JOB=_I_JOB=_J_JOB=_K_JOB=_L_JOB=,1656481854.029223
1656481813.9399028,225_A_JOB=_B_JOB=_C_JOB=_D_JOB=_E_JOB=_F_JOB=_G_JOB=_H_JOB=_I_JOB=_J_JOB=_K_JOB=_L_JOB=,1656481854.591191
1656481814.3410068,226_A_JOB=_B_JOB=_C_JOB=_D_JOB=_E_JOB=_F_JOB=_G_JOB=_H_JOB=_I_JOB=_J_JOB=_K_JOB=_L_JOB=,1656481855.1535585
1656481814.7419763,227_A_JOB=_B_JOB=_C_JOB=_D_JOB=_E_JOB=_F_JOB=_G_JOB=_H_JOB=_I_JOB=_J_JOB=_K_JOB=_L_JOB=,1656481855.7149096
1656481815.1429675,228_A_JOB=_B_JOB=_C_JOB=_D_JOB=_E_JOB=_F_JOB=_G_JOB=_H_JOB=_I_JOB=_J_JOB=_K_JOB=_L_JOB=,1656481856.2775676
1656481815.5441072,229_A_JOB=_B_JOB=_C_JOB=_D_JOB=_E_JOB=_F_JOB=_G_JOB=_H_JOB=_I_JOB=_J_JOB=_K_JOB=_L_JOB=,1656481856.839454
1656481815.9452536,230_A_JOB=_B_JOB=_C_JOB=_D_JOB=_E_JOB=_F_JOB=_G_JOB=_H_JOB=_I_JOB=_J_JOB=_K_JOB=_L_JOB=,1656481857.40438
1656481816.346219,231_A_JOB=_B_JOB=_C_JOB=_D_JOB=_E_JOB=_F_JOB=_G_JOB=_H_JOB=_I_JOB=_J_JOB=_K_JOB=_L_JOB=,1656481857.964985
1656481816.7471678,232_A_JOB=_B_JOB=_C_JOB=_D_JOB=_E_JOB=_F_JOB=_G_JOB=_H_JOB=_I_JOB=_J_JOB=_K_JOB=_L_JOB=,1656481858.5260026
1656481817.1481843,233_A_JOB=_B_JOB=_C_JOB=_D_JOB=_E_JOB=_F_JOB=_G_JOB=_H_JOB=_I_JOB=_J_JOB=_K_JOB=_L_JOB=,1656481859.0897584
1656481817.5492191,234_A_JOB=_B_JOB=_C_JOB=_D_JOB=_E_JOB=_F_JOB=_G_JOB=_H_JOB=_I_JOB=_J_JOB=_K_JOB=_L_JOB=,1656481859.6498003
1656481817.9501805,235_A_JOB=_B_JOB=_C_JOB=_D_JOB=_E_JOB=_F_JOB=_G_JOB=_H_JOB=_I_JOB=_J_JOB=_K_JOB=_L_JOB=,1656481860.213808
1656481818.351562,236_A_JOB=_B_JOB=_C_JOB=_D_JOB=_E_JOB=_F_JOB=_G_JOB=_H_JOB=_I_JOB=_J_JOB=_K_JOB=_L_JOB=,1656481860.774456
1656481818.7527199,237_A_JOB=_B_JOB=_C_JOB=_D_JOB=_E_JOB=_F_JOB=_G_JOB=_H_JOB=_I_JOB=_J_JOB=_K_JOB=_L_JOB=,1656481861.337715
1656481819.1542637,238_A_JOB=_B_JOB=_C_JOB=_D_JOB=_E_JOB=_F_JOB=_G_JOB=_H_JOB=_I_JOB=_J_JOB=_K_JOB=_L_JOB=,1656481861.8991385
1656481819.5552893,239_A_JOB=_B_JOB=_C_JOB=_D_JOB=_E_JOB=_F_JOB=_G_JOB=_H_JOB=_I_JOB=_J_JOB=_K_JOB=_L_JOB=,1656481862.4617493
1656481819.9563203,240_A_JOB=_B_JOB=_C_JOB=_D_JOB=_E_JOB=_F_JOB=_G_JOB=_H_JOB=_I_JOB=_J_JOB=_K_JOB=_L_JOB=,1656481863.0228674
1656481820.3574479,241_A_JOB=_B_JOB=_C_JOB=_D_JOB=_E_JOB=_F_JOB=_G_JOB=_H_JOB=_I_JOB=_J_JOB=_K_JOB=_L_JOB=,1656481863.586052
1656481820.7584114,242_A_JOB=_B_JOB=_C_JOB=_D_JOB=_E_JOB=_F_JOB=_G_JOB=_H_JOB=_I_JOB=_J_JOB=_K_JOB=_L_JOB=,1656481864.1471217
1656481821.1596313,243_A_JOB=_B_JOB=_C_JOB=_D_JOB=_E_JOB=_F_JOB=_G_JOB=_H_JOB=_I_JOB=_J_JOB=_K_JOB=_L_JOB=,1656481864.7096312
1656481821.5607724,244_A_JOB=_B_JOB=_C_JOB=_D_JOB=_E_JOB=_F_JOB=_G_JOB=_H_JOB=_I_JOB=_J_JOB=_K_JOB=_L_JOB=,1656481865.2728455
1656481821.9619353,245_A_JOB=_B_JOB=_C_JOB=_D_JOB=_E_JOB=_F_JOB=_G_JOB=_H_JOB=_I_JOB=_J_JOB=_K_JOB=_L_JOB=,1656481865.8331494
1656481822.3631287,246_A_JOB=_B_JOB=_C_JOB=_D_JOB=_E_JOB=_F_JOB=_G_JOB=_H_JOB=_I_JOB=_J_JOB=_K_JOB=_L_JOB=,1656481866.3978775
1656481822.764572,247_A_JOB=_B_JOB=_C_JOB=_D_JOB=_E_JOB=_F_JOB=_G_JOB=_H_JOB=_I_JOB=_J_JOB=_K_JOB=_L_JOB=,1656481866.9585238
1656481823.1658204,248_A_JOB=_B_JOB=_C_JOB=_D_JOB=_E_JOB=_F_JOB=_G_JOB=_H_JOB=_I_JOB=_J_JOB=_K_JOB=_L_JOB=,1656481867.5197284
1656481823.5668588,249_A_JOB=_B_JOB=_C_JOB=_D_JOB=_E_JOB=_F_JOB=_G_JOB=_H_JOB=_I_JOB=_J_JOB=_K_JOB=_L_JOB=,1656481868.0819771
1656481823.968058,250_A_JOB=_B_JOB=_C_JOB=_D_JOB=_E_JOB=_F_JOB=_G_JOB=_H_JOB=_I_JOB=_J_JOB=_K_JOB=_L_JOB=,1656481868.645108
1656481824.3690743,251_A_JOB=_B_JOB=_C_JOB=_D_JOB=_E_JOB=_F_JOB=_G_JOB=_H_JOB=_I_JOB=_J_JOB=_K_JOB=_L_JOB=,1656481869.2066927
1656481824.7704165,252_A_JOB=_B_JOB=_C_JOB=_D_JOB=_E_JOB=_F_JOB=_G_JOB=_H_JOB=_I_JOB=_J_JOB=_K_JOB=_L_JOB=,1656481869.768404
1656481825.1719387,253_A_JOB=_B_JOB=_C_JOB=_D_JOB=_E_JOB=_F_JOB=_G_JOB=_H_JOB=_I_JOB=_J_JOB=_K_JOB=_L_JOB=,1656481870.3323853
1656481825.5735514,254_A_JOB=_B_JOB=_C_JOB=_D_JOB=_E_JOB=_F_JOB=_G_JOB=_H_JOB=_I_JOB=_J_JOB=_K_JOB=_L_JOB=,1656481870.8955252
1656481825.9746382,255_A_JOB=_B_JOB=_C_JOB=_D_JOB=_E_JOB=_F_JOB=_G_JOB=_H_JOB=_I_JOB=_J_JOB=_K_JOB=_L_JOB=,1656481871.457194
1656481826.3757608,256_A_JOB=_B_JOB=_C_JOB=_D_JOB=_E_JOB=_F_JOB=_G_JOB=_H_JOB=_I_JOB=_J_JOB=_K_JOB=_L_JOB=,1656481872.017827
1656481826.7771416,257_A_JOB=_B_JOB=_C_JOB=_D_JOB=_E_JOB=_F_JOB=_G_JOB=_H_JOB=_I_JOB=_J_JOB=_K_JOB=_L_JOB=,1656481872.5788713
1656481827.1781416,258_A_JOB=_B_JOB=_C_JOB=_D_JOB=_E_JOB=_F_JOB=_G_JOB=_H_JOB=_I_JOB=_J_JOB=_K_JOB=_L_JOB=,1656481873.1414206
1656481827.5792325,259_A_JOB=_B_JOB=_C_JOB=_D_JOB=_E_JOB=_F_JOB=_G_JOB=_H_JOB=_I_JOB=_J_JOB=_K_JOB=_L_JOB=,1656481873.70346
1656481827.9803426,260_A_JOB=_B_JOB=_C_JOB=_D_JOB=_E_JOB=_F_JOB=_G_JOB=_H_JOB=_I_JOB=_J_JOB=_K_JOB=_L_JOB=,1656481874.266163
1656481828.3814688,261_A_JOB=_B_JOB=_C_JOB=_D_JOB=_E_JOB=_F_JOB=_G_JOB=_H_JOB=_I_JOB=_J_JOB=_K_JOB=_L_JOB=,1656481874.8268058
1656481828.7824621,262_A_JOB=_B_JOB=_C_JOB=_D_JOB=_E_JOB=_F_JOB=_G_JOB=_H_JOB=_I_JOB=_J_JOB=_K_JOB=_L_JOB=,1656481875.3896172
1656481829.183463,263_A_JOB=_B_JOB=_C_JOB=_D_JOB=_E_JOB=_F_JOB=_G_JOB=_H_JOB=_I_JOB=_J_JOB=_K_JOB=_L_JOB=,1656481875.9513357
1656481829.5844655,264_A_JOB=_B_JOB=_C_JOB=_D_JOB=_E_JOB=_F_JOB=_G_JOB=_H_JOB=_I_JOB=_J_JOB=_K_JOB=_L_JOB=,1656481876.513751
1656481829.9856107,265_A_JOB=_B_JOB=_C_JOB=_D_JOB=_E_JOB=_F_JOB=_G_JOB=_H_JOB=_I_JOB=_J_JOB=_K_JOB=_L_JOB=,1656481877.0759509
1656481830.3868465,266_A_JOB=_B_JOB=_C_JOB=_D_JOB=_E_JOB=_F_JOB=_G_JOB=_H_JOB=_I_JOB=_J_JOB=_K_JOB=_L_JOB=,1656481877.6385283
1656481830.7880948,267_A_JOB=_B_JOB=_C_JOB=_D_JOB=_E_JOB=_F_JOB=_G_JOB=_H_JOB=_I_JOB=_J_JOB=_K_JOB=_L_JOB=,1656481878.200056
1656481831.1891556,268_A_JOB=_B_JOB=_C_JOB=_D_JOB=_E_JOB=_F_JOB=_G_JOB=_H_JOB=_I_JOB=_J_JOB=_K_JOB=_L_JOB=,1656481878.7624376
1656481831.5908623,269_A_JOB=_B_JOB=_C_JOB=_D_JOB=_E_JOB=_F_JOB=_G_JOB=_H_JOB=_I_JOB=_J_JOB=_K_JOB=_L_JOB=,1656481879.326123
1656481831.9919527,270_A_JOB=_B_JOB=_C_JOB=_D_JOB=_E_JOB=_F_JOB=_G_JOB=_H_JOB=_I_JOB=_J_JOB=_K_JOB=_L_JOB=,1656481879.8849857
1656481832.3933642,271_A_JOB=_B_JOB=_C_JOB=_D_JOB=_E_JOB=_F_JOB=_G_JOB=_H_JOB=_I_JOB=_J_JOB=_K_JOB=_L_JOB=,1656481880.4489655
1656481832.7944055,272_A_JOB=_B_JOB=_C_JOB=_D_JOB=_E_JOB=_F_JOB=_G_JOB=_H_JOB=_I_JOB=_J_JOB=_K_JOB=_L_JOB=,1656481881.009242
1656481833.1968327,273_A_JOB=_B_JOB=_C_JOB=_D_JOB=_E_JOB=_F_JOB=_G_JOB=_H_JOB=_I_JOB=_J_JOB=_K_JOB=_L_JOB=,1656481881.5720527
1656481833.5981443,274_A_JOB=_B_JOB=_C_JOB=_D_JOB=_E_JOB=_F_JOB=_G_JOB=_H_JOB=_I_JOB=_J_JOB=_K_JOB=_L_JOB=,1656481882.1342826
1656481833.999166,275_A_JOB=_B_JOB=_C_JOB=_D_JOB=_E_JOB=_F_JOB=_G_JOB=_H_JOB=_I_JOB=_J_JOB=_K_JOB=_L_JOB=,1656481882.6945353
1656481834.4001772,276_A_JOB=_B_JOB=_C_JOB=_D_JOB=_E_JOB=_F_JOB=_G_JOB=_H_JOB=_I_JOB=_J_JOB=_K_JOB=_L_JOB=,1656481883.257805
1656481834.8016212,277_A_JOB=_B_JOB=_C_JOB=_D_JOB=_E_JOB=_F_JOB=_G_JOB=_H_JOB=_I_JOB=_J_JOB=_K_JOB=_L_JOB=,1656481883.8196442
1656481835.2029026,278_A_JOB=_B_JOB=_C_JOB=_D_JOB=_E_JOB=_F_JOB=_G_JOB=_H_JOB=_I_JOB=_J_JOB=_K_JOB=_L_JOB=,1656481884.384269
1656481835.6040087,279_A_JOB=_B_JOB=_C_JOB=_D_JOB=_E_JOB=_F_JOB=_G_JOB=_H_JOB=_I_JOB=_J_JOB=_K_JOB=_L_JOB=,1656481884.9446874
1656481836.0051298,280_A_JOB=_B_JOB=_C_JOB=_D_JOB=_E_JOB=_F_JOB=_G_JOB=_H_JOB=_I_JOB=_J_JOB=_K_JOB=_L_JOB=,1656481885.505604
1656481836.4063418,281_A_JOB=_B_JOB=_C_JOB=_D_JOB=_E_JOB=_F_JOB=_G_JOB=_H_JOB=_I_JOB=_J_JOB=_K_JOB=_L_JOB=,1656481886.0686638
1656481836.8077939,282_A_JOB=_B_JOB=_C_JOB=_D_JOB=_E_JOB=_F_JOB=_G_JOB=_H_JOB=_I_JOB=_J_JOB=_K_JOB=_L_JOB=,1656481886.6297433
1656481837.209372,283_A_JOB=_B_JOB=_C_JOB=_D_JOB=_E_JOB=_F_JOB=_G_JOB=_H_JOB=_I_JOB=_J_JOB=_K_JOB=_L_JOB=,1656481887.1940022
1656481837.610726,284_A_JOB=_B_JOB=_C_JOB=_D_JOB=_E_JOB=_F_JOB=_G_JOB=_H_JOB=_I_JOB=_J_JOB=_K_JOB=_L_JOB=,1656481887.7531443
1656481838.0121975,285_A_JOB=_B_JOB=_C_JOB=_D_JOB=_E_JOB=_F_JOB=_G_JOB=_H_JOB=_I_JOB=_J_JOB=_K_JOB=_L_JOB=,1656481888.3159697
1656481838.4132967,286_A_JOB=_B_JOB=_C_JOB=_D_JOB=_E_JOB=_F_JOB=_G_JOB=_H_JOB=_I_JOB=_J_JOB=_K_JOB=_L_JOB=,1656481888.8775392
1656481838.8143566,287_A_JOB=_B_JOB=_C_JOB=_D_JOB=_E_JOB=_F_JOB=_G_JOB=_H_JOB=_I_JOB=_J_JOB=_K_JOB=_L_JOB=,1656481889.4407916
1656481839.215169,288_A_JOB=_B_JOB=_C_JOB=_D_JOB=_E_JOB=_F_JOB=_G_JOB=_H_JOB=_I_JOB=_J_JOB=_K_JOB=_L_JOB=,1656481890.002012
1656481839.6162062,289_A_JOB=_B_JOB=_C_JOB=_D_JOB=_E_JOB=_F_JOB=_G_JOB=_H_JOB=_I_JOB=_J_JOB=_K_JOB=_L_JOB=,1656481890.5654647
1656481840.0176184,290_A_JOB=_B_JOB=_C_JOB=_D_JOB=_E_JOB=_F_JOB=_G_JOB=_H_JOB=_I_JOB=_J_JOB=_K_JOB=_L_JOB=,1656481891.1279392
1656481840.4187293,291_A_JOB=_B_JOB=_C_JOB=_D_JOB=_E_JOB=_F_JOB=_G_JOB=_H_JOB=_I_JOB=_J_JOB=_K_JOB=_L_JOB=,1656481891.689107
1656481840.8199153,292_A_JOB=_B_JOB=_C_JOB=_D_JOB=_E_JOB=_F_JOB=_G_JOB=_H_JOB=_I_JOB=_J_JOB=_K_JOB=_L_JOB=,1656481892.2516425
1656481841.2209735,293_A_JOB=_B_JOB=_C_JOB=_D_JOB=_E_JOB=_F_JOB=_G_JOB=_H_JOB=_I_JOB=_J_JOB=_K_JOB=_L_JOB=,1656481892.8130102
1656481841.6221273,294_A_JOB=_B_JOB=_C_JOB=_D_JOB=_E_JOB=_F_JOB=_G_JOB=_H_JOB=_I_JOB=_J_JOB=_K_JOB=_L_JOB=,1656481893.3759925
1656481842.0231402,295_A_JOB=_B_JOB=_C_JOB=_D_JOB=_E_JOB=_F_JOB=_G_JOB=_H_JOB=_I_JOB=_J_JOB=_K_JOB=_L_JOB=,1656481893.9361193
1656481842.424692,296_A_JOB=_B_JOB=_C_JOB=_D_JOB=_E_JOB=_F_JOB=_G_JOB=_H_JOB=_I_JOB=_J_JOB=_K_JOB=_L_JOB=,1656481894.4988086
1656481842.826426,297_A_JOB=_B_JOB=_C_JOB=_D_JOB=_E_JOB=_F_JOB=_G_JOB=_H_JOB=_I_JOB=_J_JOB=_K_JOB=_L_JOB=,1656481895.0611165
1656481843.227746,298_A_JOB=_B_JOB=_C_JOB=_D_JOB=_E_JOB=_F_JOB=_G_JOB=_H_JOB=_I_JOB=_J_JOB=_K_JOB=_L_JOB=,1656481895.6227756
1656481843.629001,299_A_JOB=_B_JOB=_C_JOB=_D_JOB=_E_JOB=_F_JOB=_G_JOB=_H_JOB=_I_JOB=_J_JOB=_K_JOB=_L_JOB=,1656481896.1947515
1656481844.030142,300_A_JOB=_B_JOB=_C_JOB=_D_JOB=_E_JOB=_F_JOB=_G_JOB=_H_JOB=_I_JOB=_J_JOB=_K_JOB=_L_JOB=,1656481896.74817
1656481844.4312267,301_A_JOB=_B_JOB=_C_JOB=_D_JOB=_E_JOB=_F_JOB=_G_JOB=_H_JOB=_I_JOB=_J_JOB=_K_JOB=_L_JOB=,1656481897.3098273
1656481844.8323393,302_A_JOB=_B_JOB=_C_JOB=_D_JOB=_E_JOB=_F_JOB=_G_JOB=_H_JOB=_I_JOB=_J_JOB=_K_JOB=_L_JOB=,1656481897.8717823
1656481845.2334554,303_A_JOB=_B_JOB=_C_JOB=_D_JOB=_E_JOB=_F_JOB=_G_JOB=_H_JOB=_I_JOB=_J_JOB=_K_JOB=_L_JOB=,1656481898.4344864
1656481845.6345236,304_A_JOB=_B_JOB=_C_JOB=_D_JOB=_E_JOB=_F_JOB=_G_JOB=_H_JOB=_I_JOB=_J_JOB=_K_JOB=_L_JOB=,1656481898.9970176
1656481846.0357158,305_A_JOB=_B_JOB=_C_JOB=_D_JOB=_E_JOB=_F_JOB=_G_JOB=_H_JOB=_I_JOB=_J_JOB=_K_JOB=_L_JOB=,1656481899.5583215
1656481846.4367924,306_A_JOB=_B_JOB=_C_JOB=_D_JOB=_E_JOB=_F_JOB=_G_JOB=_H_JOB=_I_JOB=_J_JOB=_K_JOB=_L_JOB=,1656481900.1198626
1656481846.8379126,307_A_JOB=_B_JOB=_C_JOB=_D_JOB=_E_JOB=_F_JOB=_G_JOB=_H_JOB=_I_JOB=_J_JOB=_K_JOB=_L_JOB=,1656481900.6816523
1656481847.2388995,308_A_JOB=_B_JOB=_C_JOB=_D_JOB=_E_JOB=_F_JOB=_G_JOB=_H_JOB=_I_JOB=_J_JOB=_K_JOB=_L_JOB=,1656481901.2459264
1656481847.6399446,309_A_JOB=_B_JOB=_C_JOB=_D_JOB=_E_JOB=_F_JOB=_G_JOB=_H_JOB=_I_JOB=_J_JOB=_K_JOB=_L_JOB=,1656481901.8067243
1656481848.0409818,310_A_JOB=_B_JOB=_C_JOB=_D_JOB=_E_JOB=_F_JOB=_G_JOB=_H_JOB=_I_JOB=_J_JOB=_K_JOB=_L_JOB=,1656481902.3692927
1656481848.4423997,311_A_JOB=_B_JOB=_C_JOB=_D_JOB=_E_JOB=_F_JOB=_G_JOB=_H_JOB=_I_JOB=_J_JOB=_K_JOB=_L_JOB=,1656481902.9290886
1656481848.8439329,312_A_JOB=_B_JOB=_C_JOB=_D_JOB=_E_JOB=_F_JOB=_G_JOB=_H_JOB=_I_JOB=_J_JOB=_K_JOB=_L_JOB=,1656481903.491957
1656481849.2450607,313_A_JOB=_B_JOB=_C_JOB=_D_JOB=_E_JOB=_F_JOB=_G_JOB=_H_JOB=_I_JOB=_J_JOB=_K_JOB=_L_JOB=,1656481904.0537858
1656481849.646185,314_A_JOB=_B_JOB=_C_JOB=_D_JOB=_E_JOB=_F_JOB=_G_JOB=_H_JOB=_I_JOB=_J_JOB=_K_JOB=_L_JOB=,1656481904.6164882
1656481850.047194,315_A_JOB=_B_JOB=_C_JOB=_D_JOB=_E_JOB=_F_JOB=_G_JOB=_H_JOB=_I_JOB=_J_JOB=_K_JOB=_L_JOB=,1656481905.178165
1656481850.4482667,316_A_JOB=_B_JOB=_C_JOB=_D_JOB=_E_JOB=_F_JOB=_G_JOB=_H_JOB=_I_JOB=_J_JOB=_K_JOB=_L_JOB=,1656481905.7404473
1656481850.849356,317_A_JOB=_B_JOB=_C_JOB=_D_JOB=_E_JOB=_F_JOB=_G_JOB=_H_JOB=_I_JOB=_J_JOB=_K_JOB=_L_JOB=,1656481906.3034303
1656481851.2504587,318_A_JOB=_B_JOB=_C_JOB=_D_JOB=_E_JOB=_F_JOB=_G_JOB=_H_JOB=_I_JOB=_J_JOB=_K_JOB=_L_JOB=,1656481906.8635209
1656481851.6516068,319_A_JOB=_B_JOB=_C_JOB=_D_JOB=_E_JOB=_F_JOB=_G_JOB=_H_JOB=_I_JOB=_J_JOB=_K_JOB=_L_JOB=,1656481907.4267478
1656481852.0526805,320_A_JOB=_B_JOB=_C_JOB=_D_JOB=_E_JOB=_F_JOB=_G_JOB=_H_JOB=_I_JOB=_J_JOB=_K_JOB=_L_JOB=,1656481907.9885118
1656481852.45398,321_A_JOB=_B_JOB=_C_JOB=_D_JOB=_E_JOB=_F_JOB=_G_JOB=_H_JOB=_I_JOB=_J_JOB=_K_JOB=_L_JOB=,1656481908.5504224
1656481852.8551266,322_A_JOB=_B_JOB=_C_JOB=_D_JOB=_E_JOB=_F_JOB=_G_JOB=_H_JOB=_I_JOB=_J_JOB=_K_JOB=_L_JOB=,1656481909.110889
1656481853.2562869,323_A_JOB=_B_JOB=_C_JOB=_D_JOB=_E_JOB=_F_JOB=_G_JOB=_H_JOB=_I_JOB=_J_JOB=_K_JOB=_L_JOB=,1656481909.6726525
1656481853.6574292,324_A_JOB=_B_JOB=_C_JOB=_D_JOB=_E_JOB=_F_JOB=_G_JOB=_H_JOB=_I_JOB=_J_JOB=_K_JOB=_L_JOB=,1656481910.235935
1656481854.0586166,325_A_JOB=_B_JOB=_C_JOB=_D_JOB=_E_JOB=_F_JOB=_G_JOB=_H_JOB=_I_JOB=_J_JOB=_K_JOB=_L_JOB=,1656481910.797138
1656481854.459692,326_A_JOB=_B_JOB=_C_JOB=_D_JOB=_E_JOB=_F_JOB=_G_JOB=_H_JOB=_I_JOB=_J_JOB=_K_JOB=_L_JOB=,1656481911.3595674
1656481854.8607483,327_A_JOB=_B_JOB=_C_JOB=_D_JOB=_E_JOB=_F_JOB=_G_JOB=_H_JOB=_I_JOB=_J_JOB=_K_JOB=_L_JOB=,1656481911.9204986
1656481855.2619357,328_A_JOB=_B_JOB=_C_JOB=_D_JOB=_E_JOB=_F_JOB=_G_JOB=_H_JOB=_I_JOB=_J_JOB=_K_JOB=_L_JOB=,1656481912.4835012
1656481855.6629386,329_A_JOB=_B_JOB=_C_JOB=_D_JOB=_E_JOB=_F_JOB=_G_JOB=_H_JOB=_I_JOB=_J_JOB=_K_JOB=_L_JOB=,1656481913.0442865
1656481856.0640984,330_A_JOB=_B_JOB=_C_JOB=_D_JOB=_E_JOB=_F_JOB=_G_JOB=_H_JOB=_I_JOB=_J_JOB=_K_JOB=_L_JOB=,1656481913.6063855
1656481856.465288,331_A_JOB=_B_JOB=_C_JOB=_D_JOB=_E_JOB=_F_JOB=_G_JOB=_H_JOB=_I_JOB=_J_JOB=_K_JOB=_L_JOB=,1656481914.1693566
1656481856.866333,332_A_JOB=_B_JOB=_C_JOB=_D_JOB=_E_JOB=_F_JOB=_G_JOB=_H_JOB=_I_JOB=_J_JOB=_K_JOB=_L_JOB=,1656481914.731686
1656481857.2672844,333_A_JOB=_B_JOB=_C_JOB=_D_JOB=_E_JOB=_F_JOB=_G_JOB=_H_JOB=_I_JOB=_J_JOB=_K_JOB=_L_JOB=,1656481915.293585
1656481857.668469,334_A_JOB=_B_JOB=_C_JOB=_D_JOB=_E_JOB=_F_JOB=_G_JOB=_H_JOB=_I_JOB=_J_JOB=_K_JOB=_L_JOB=,1656481915.8557663
1656481858.069828,335_A_JOB=_B_JOB=_C_JOB=_D_JOB=_E_JOB=_F_JOB=_G_JOB=_H_JOB=_I_JOB=_J_JOB=_K_JOB=_L_JOB=,1656481916.4179635
1656481858.4709058,336_A_JOB=_B_JOB=_C_JOB=_D_JOB=_E_JOB=_F_JOB=_G_JOB=_H_JOB=_I_JOB=_J_JOB=_K_JOB=_L_JOB=,1656481916.9785964
1656481858.8720713,337_A_JOB=_B_JOB=_C_JOB=_D_JOB=_E_JOB=_F_JOB=_G_JOB=_H_JOB=_I_JOB=_J_JOB=_K_JOB=_L_JOB=,1656481917.541775
1656481859.2733362,338_A_JOB=_B_JOB=_C_JOB=_D_JOB=_E_JOB=_F_JOB=_G_JOB=_H_JOB=_I_JOB=_J_JOB=_K_JOB=_L_JOB=,1656481918.1032865
1656481859.6745272,339_A_JOB=_B_JOB=_C_JOB=_D_JOB=_E_JOB=_F_JOB=_G_JOB=_H_JOB=_I_JOB=_J_JOB=_K_JOB=_L_JOB=,1656481918.6646595
1656481860.075989,340_A_JOB=_B_JOB=_C_JOB=_D_JOB=_E_JOB=_F_JOB=_G_JOB=_H_JOB=_I_JOB=_J_JOB=_K_JOB=_L_JOB=,1656481919.2285058
1656481860.4776561,341_A_JOB=_B_JOB=_C_JOB=_D_JOB=_E_JOB=_F_JOB=_G_JOB=_H_JOB=_I_JOB=_J_JOB=_K_JOB=_L_JOB=,1656481919.7898455
1656481860.8788416,342_A_JOB=_B_JOB=_C_JOB=_D_JOB=_E_JOB=_F_JOB=_G_JOB=_H_JOB=_I_JOB=_J_JOB=_K_JOB=_L_JOB=,1656481920.3512769
1656481861.280061,343_A_JOB=_B_JOB=_C_JOB=_D_JOB=_E_JOB=_F_JOB=_G_JOB=_H_JOB=_I_JOB=_J_JOB=_K_JOB=_L_JOB=,1656481920.9138336
1656481861.6810882,344_A_JOB=_B_JOB=_C_JOB=_D_JOB=_E_JOB=_F_JOB=_G_JOB=_H_JOB=_I_JOB=_J_JOB=_K_JOB=_L_JOB=,1656481921.477212
1656481862.0822585,345_A_JOB=_B_JOB=_C_JOB=_D_JOB=_E_JOB=_F_JOB=_G_JOB=_H_JOB=_I_JOB=_J_JOB=_K_JOB=_L_JOB=,1656481922.0381944
1656481862.4833639,346_A_JOB=_B_JOB=_C_JOB=_D_JOB=_E_JOB=_F_JOB=_G_JOB=_H_JOB=_I_JOB=_J_JOB=_K_JOB=_L_JOB=,1656481922.5999007
1656481862.8845873,347_A_JOB=_B_JOB=_C_JOB=_D_JOB=_E_JOB=_F_JOB=_G_JOB=_H_JOB=_I_JOB=_J_JOB=_K_JOB=_L_JOB=,1656481923.162614
1656481863.2856574,348_A_JOB=_B_JOB=_C_JOB=_D_JOB=_E_JOB=_F_JOB=_G_JOB=_H_JOB=_I_JOB=_J_JOB=_K_JOB=_L_JOB=,1656481923.7235782
1656481863.6868284,349_A_JOB=_B_JOB=_C_JOB=_D_JOB=_E_JOB=_F_JOB=_G_JOB=_H_JOB=_I_JOB=_J_JOB=_K_JOB=_L_JOB=,1656481924.286291
1656481864.0881212,350_A_JOB=_B_JOB=_C_JOB=_D_JOB=_E_JOB=_F_JOB=_G_JOB=_H_JOB=_I_JOB=_J_JOB=_K_JOB=_L_JOB=,1656481924.8469129
1656481864.4891684,351_A_JOB=_B_JOB=_C_JOB=_D_JOB=_E_JOB=_F_JOB=_G_JOB=_H_JOB=_I_JOB=_J_JOB=_K_JOB=_L_JOB=,1656481925.4109256
1656481864.8904614,352_A_JOB=_B_JOB=_C_JOB=_D_JOB=_E_JOB=_F_JOB=_G_JOB=_H_JOB=_I_JOB=_J_JOB=_K_JOB=_L_JOB=,1656481925.9720674
1656481865.29167,353_A_JOB=_B_JOB=_C_JOB=_D_JOB=_E_JOB=_F_JOB=_G_JOB=_H_JOB=_I_JOB=_J_JOB=_K_JOB=_L_JOB=,1656481926.5338454
1656481865.6927636,354_A_JOB=_B_JOB=_C_JOB=_D_JOB=_E_JOB=_F_JOB=_G_JOB=_H_JOB=_I_JOB=_J_JOB=_K_JOB=_L_JOB=,1656481927.0951295
1656481866.093854,355_A_JOB=_B_JOB=_C_JOB=_D_JOB=_E_JOB=_F_JOB=_G_JOB=_H_JOB=_I_JOB=_J_JOB=_K_JOB=_L_JOB=,1656481927.6568024
1656481866.4953015,356_A_JOB=_B_JOB=_C_JOB=_D_JOB=_E_JOB=_F_JOB=_G_JOB=_H_JOB=_I_JOB=_J_JOB=_K_JOB=_L_JOB=,1656481928.2204
1656481866.896355,357_A_JOB=_B_JOB=_C_JOB=_D_JOB=_E_JOB=_F_JOB=_G_JOB=_H_JOB=_I_JOB=_J_JOB=_K_JOB=_L_JOB=,1656481928.78075
1656481867.2975552,358_A_JOB=_B_JOB=_C_JOB=_D_JOB=_E_JOB=_F_JOB=_G_JOB=_H_JOB=_I_JOB=_J_JOB=_K_JOB=_L_JOB=,1656481929.344259
1656481867.698533,359_A_JOB=_B_JOB=_C_JOB=_D_JOB=_E_JOB=_F_JOB=_G_JOB=_H_JOB=_I_JOB=_J_JOB=_K_JOB=_L_JOB=,1656481929.9051657
1656481868.0996222,360_A_JOB=_B_JOB=_C_JOB=_D_JOB=_E_JOB=_F_JOB=_G_JOB=_H_JOB=_I_JOB=_J_JOB=_K_JOB=_L_JOB=,1656481930.4686172
1656481868.5009935,361_A_JOB=_B_JOB=_C_JOB=_D_JOB=_E_JOB=_F_JOB=_G_JOB=_H_JOB=_I_JOB=_J_JOB=_K_JOB=_L_JOB=,1656481931.029337
1656481868.9024994,362_A_JOB=_B_JOB=_C_JOB=_D_JOB=_E_JOB=_F_JOB=_G_JOB=_H_JOB=_I_JOB=_J_JOB=_K_JOB=_L_JOB=,1656481931.591118
1656481869.3039353,363_A_JOB=_B_JOB=_C_JOB=_D_JOB=_E_JOB=_F_JOB=_G_JOB=_H_JOB=_I_JOB=_J_JOB=_K_JOB=_L_JOB=,1656481932.1788301
1656481869.705185,364_A_JOB=_B_JOB=_C_JOB=_D_JOB=_E_JOB=_F_JOB=_G_JOB=_H_JOB=_I_JOB=_J_JOB=_K_JOB=_L_JOB=,1656481932.7133877
1656481870.1064029,365_A_JOB=_B_JOB=_C_JOB=_D_JOB=_E_JOB=_F_JOB=_G_JOB=_H_JOB=_I_JOB=_J_JOB=_K_JOB=_L_JOB=,1656481933.2767055
1656481870.507184,366_A_JOB=_B_JOB=_C_JOB=_D_JOB=_E_JOB=_F_JOB=_G_JOB=_H_JOB=_I_JOB=_J_JOB=_K_JOB=_L_JOB=,1656481933.839249
1656481870.90837,367_A_JOB=_B_JOB=_C_JOB=_D_JOB=_E_JOB=_F_JOB=_G_JOB=_H_JOB=_I_JOB=_J_JOB=_K_JOB=_L_JOB=,1656481934.4020882
1656481871.3095472,368_A_JOB=_B_JOB=_C_JOB=_D_JOB=_E_JOB=_F_JOB=_G_JOB=_H_JOB=_I_JOB=_J_JOB=_K_JOB=_L_JOB=,1656481934.963757
1656481871.7106905,369_A_JOB=_B_JOB=_C_JOB=_D_JOB=_E_JOB=_F_JOB=_G_JOB=_H_JOB=_I_JOB=_J_JOB=_K_JOB=_L_JOB=,1656481935.5258691
1656481872.111866,370_A_JOB=_B_JOB=_C_JOB=_D_JOB=_E_JOB=_F_JOB=_G_JOB=_H_JOB=_I_JOB=_J_JOB=_K_JOB=_L_JOB=,1656481936.0883286
1656481872.5126343,371_A_JOB=_B_JOB=_C_JOB=_D_JOB=_E_JOB=_F_JOB=_G_JOB=_H_JOB=_I_JOB=_J_JOB=_K_JOB=_L_JOB=,1656481936.650537
1656481872.9136393,372_A_JOB=_B_JOB=_C_JOB=_D_JOB=_E_JOB=_F_JOB=_G_JOB=_H_JOB=_I_JOB=_J_JOB=_K_JOB=_L_JOB=,1656481937.2125373
1656481873.3147388,373_A_JOB=_B_JOB=_C_JOB=_D_JOB=_E_JOB=_F_JOB=_G_JOB=_H_JOB=_I_JOB=_J_JOB=_K_JOB=_L_JOB=,1656481937.771966
1656481873.7158444,374_A_JOB=_B_JOB=_C_JOB=_D_JOB=_E_JOB=_F_JOB=_G_JOB=_H_JOB=_I_JOB=_J_JOB=_K_JOB=_L_JOB=,1656481938.3353736
1656481874.11683,375_A_JOB=_B_JOB=_C_JOB=_D_JOB=_E_JOB=_F_JOB=_G_JOB=_H_JOB=_I_JOB=_J_JOB=_K_JOB=_L_JOB=,1656481938.8970547
1656481874.5180454,376_A_JOB=_B_JOB=_C_JOB=_D_JOB=_E_JOB=_F_JOB=_G_JOB=_H_JOB=_I_JOB=_J_JOB=_K_JOB=_L_JOB=,1656481939.4596996
1656481874.9194667,377_A_JOB=_B_JOB=_C_JOB=_D_JOB=_E_JOB=_F_JOB=_G_JOB=_H_JOB=_I_JOB=_J_JOB=_K_JOB=_L_JOB=,1656481940.0212681
1656481875.3206177,378_A_JOB=_B_JOB=_C_JOB=_D_JOB=_E_JOB=_F_JOB=_G_JOB=_H_JOB=_I_JOB=_J_JOB=_K_JOB=_L_JOB=,1656481940.5831785
1656481875.7217982,379_A_JOB=_B_JOB=_C_JOB=_D_JOB=_E_JOB=_F_JOB=_G_JOB=_H_JOB=_I_JOB=_J_JOB=_K_JOB=_L_JOB=,1656481941.1451192
1656481876.122967,380_A_JOB=_B_JOB=_C_JOB=_D_JOB=_E_JOB=_F_JOB=_G_JOB=_H_JOB=_I_JOB=_J_JOB=_K_JOB=_L_JOB=,1656481941.706993
1656481876.5238736,381_A_JOB=_B_JOB=_C_JOB=_D_JOB=_E_JOB=_F_JOB=_G_JOB=_H_JOB=_I_JOB=_J_JOB=_K_JOB=_L_JOB=,1656481942.2694228
1656481876.9249597,382_A_JOB=_B_JOB=_C_JOB=_D_JOB=_E_JOB=_F_JOB=_G_JOB=_H_JOB=_I_JOB=_J_JOB=_K_JOB=_L_JOB=,1656481942.8307407
1656481877.3261173,383_A_JOB=_B_JOB=_C_JOB=_D_JOB=_E_JOB=_F_JOB=_G_JOB=_H_JOB=_I_JOB=_J_JOB=_K_JOB=_L_JOB=,1656481943.3958316
1656481877.7283525,384_A_JOB=_B_JOB=_C_JOB=_D_JOB=_E_JOB=_F_JOB=_G_JOB=_H_JOB=_I_JOB=_J_JOB=_K_JOB=_L_JOB=,1656481943.9565299
1656481878.1294634,385_A_JOB=_B_JOB=_C_JOB=_D_JOB=_E_JOB=_F_JOB=_G_JOB=_H_JOB=_I_JOB=_J_JOB=_K_JOB=_L_JOB=,1656481944.5177054
1656481878.5306346,386_A_JOB=_B_JOB=_C_JOB=_D_JOB=_E_JOB=_F_JOB=_G_JOB=_H_JOB=_I_JOB=_J_JOB=_K_JOB=_L_JOB=,1656481945.0784023
1656481878.9318671,387_A_JOB=_B_JOB=_C_JOB=_D_JOB=_E_JOB=_F_JOB=_G_JOB=_H_JOB=_I_JOB=_J_JOB=_K_JOB=_L_JOB=,1656481945.6408784
1656481879.3329954,388_A_JOB=_B_JOB=_C_JOB=_D_JOB=_E_JOB=_F_JOB=_G_JOB=_H_JOB=_I_JOB=_J_JOB=_K_JOB=_L_JOB=,1656481946.2036307
1656481879.73405,389_A_JOB=_B_JOB=_C_JOB=_D_JOB=_E_JOB=_F_JOB=_G_JOB=_H_JOB=_I_JOB=_J_JOB=_K_JOB=_L_JOB=,1656481946.7655568
1656481880.135115,390_A_JOB=_B_JOB=_C_JOB=_D_JOB=_E_JOB=_F_JOB=_G_JOB=_H_JOB=_I_JOB=_J_JOB=_K_JOB=_L_JOB=,1656481947.3277307
1656481880.5363274,391_A_JOB=_B_JOB=_C_JOB=_D_JOB=_E_JOB=_F_JOB=_G_JOB=_H_JOB=_I_JOB=_J_JOB=_K_JOB=_L_JOB=,1656481947.8881865
1656481880.9374065,392_A_JOB=_B_JOB=_C_JOB=_D_JOB=_E_JOB=_F_JOB=_G_JOB=_H_JOB=_I_JOB=_J_JOB=_K_JOB=_L_JOB=,1656481948.4508827
1656481881.3384542,393_A_JOB=_B_JOB=_C_JOB=_D_JOB=_E_JOB=_F_JOB=_G_JOB=_H_JOB=_I_JOB=_J_JOB=_K_JOB=_L_JOB=,1656481949.013567
1656481881.7395172,394_A_JOB=_B_JOB=_C_JOB=_D_JOB=_E_JOB=_F_JOB=_G_JOB=_H_JOB=_I_JOB=_J_JOB=_K_JOB=_L_JOB=,1656481949.5763733
1656481882.1405241,395_A_JOB=_B_JOB=_C_JOB=_D_JOB=_E_JOB=_F_JOB=_G_JOB=_H_JOB=_I_JOB=_J_JOB=_K_JOB=_L_JOB=,1656481950.1366634
1656481882.5414658,396_A_JOB=_B_JOB=_C_JOB=_D_JOB=_E_JOB=_F_JOB=_G_JOB=_H_JOB=_I_JOB=_J_JOB=_K_JOB=_L_JOB=,1656481950.698533
1656481882.942688,397_A_JOB=_B_JOB=_C_JOB=_D_JOB=_E_JOB=_F_JOB=_G_JOB=_H_JOB=_I_JOB=_J_JOB=_K_JOB=_L_JOB=,1656481951.2609634
1656481883.343911,398_A_JOB=_B_JOB=_C_JOB=_D_JOB=_E_JOB=_F_JOB=_G_JOB=_H_JOB=_I_JOB=_J_JOB=_K_JOB=_L_JOB=,1656481951.8219025
1656481883.7450323,399_A_JOB=_B_JOB=_C_JOB=_D_JOB=_E_JOB=_F_JOB=_G_JOB=_H_JOB=_I_JOB=_J_JOB=_K_JOB=_L_JOB=,1656481952.3855693
1656481884.146369,400_A_JOB=_B_JOB=_C_JOB=_D_JOB=_E_JOB=_F_JOB=_G_JOB=_H_JOB=_I_JOB=_J_JOB=_K_JOB=_L_JOB=,1656481952.9466074
1656481884.547568,401_A_JOB=_B_JOB=_C_JOB=_D_JOB=_E_JOB=_F_JOB=_G_JOB=_H_JOB=_I_JOB=_J_JOB=_K_JOB=_L_JOB=,1656481953.5098414
1656481884.9486115,402_A_JOB=_B_JOB=_C_JOB=_D_JOB=_E_JOB=_F_JOB=_G_JOB=_H_JOB=_I_JOB=_J_JOB=_K_JOB=_L_JOB=,1656481954.0709968
1656481885.349665,403_A_JOB=_B_JOB=_C_JOB=_D_JOB=_E_JOB=_F_JOB=_G_JOB=_H_JOB=_I_JOB=_J_JOB=_K_JOB=_L_JOB=,1656481954.632931
1656481885.7507083,404_A_JOB=_B_JOB=_C_JOB=_D_JOB=_E_JOB=_F_JOB=_G_JOB=_H_JOB=_I_JOB=_J_JOB=_K_JOB=_L_JOB=,1656481955.1953866
1656481886.1519089,405_A_JOB=_B_JOB=_C_JOB=_D_JOB=_E_JOB=_F_JOB=_G_JOB=_H_JOB=_I_JOB=_J_JOB=_K_JOB=_L_JOB=,1656481955.7568483
1656481886.5529711,406_A_JOB=_B_JOB=_C_JOB=_D_JOB=_E_JOB=_F_JOB=_G_JOB=_H_JOB=_I_JOB=_J_JOB=_K_JOB=_L_JOB=,1656481956.3189497
1656481886.953951,407_A_JOB=_B_JOB=_C_JOB=_D_JOB=_E_JOB=_F_JOB=_G_JOB=_H_JOB=_I_JOB=_J_JOB=_K_JOB=_L_JOB=,1656481956.8808172
1656481887.3549006,408_A_JOB=_B_JOB=_C_JOB=_D_JOB=_E_JOB=_F_JOB=_G_JOB=_H_JOB=_I_JOB=_J_JOB=_K_JOB=_L_JOB=,1656481957.443639
1656481887.7560952,409_A_JOB=_B_JOB=_C_JOB=_D_JOB=_E_JOB=_F_JOB=_G_JOB=_H_JOB=_I_JOB=_J_JOB=_K_JOB=_L_JOB=,1656481958.0053232
1656481888.157177,410_A_JOB=_B_JOB=_C_JOB=_D_JOB=_E_JOB=_F_JOB=_G_JOB=_H_JOB=_I_JOB=_J_JOB=_K_JOB=_L_JOB=,1656481958.5675008
1656481888.5583332,411_A_JOB=_B_JOB=_C_JOB=_D_JOB=_E_JOB=_F_JOB=_G_JOB=_H_JOB=_I_JOB=_J_JOB=_K_JOB=_L_JOB=,1656481959.1304815
1656481888.9594307,412_A_JOB=_B_JOB=_C_JOB=_D_JOB=_E_JOB=_F_JOB=_G_JOB=_H_JOB=_I_JOB=_J_JOB=_K_JOB=_L_JOB=,1656481959.6913605
1656481889.3604329,413_A_JOB=_B_JOB=_C_JOB=_D_JOB=_E_JOB=_F_JOB=_G_JOB=_H_JOB=_I_JOB=_J_JOB=_K_JOB=_L_JOB=,1656481960.2541358
1656481889.761607,414_A_JOB=_B_JOB=_C_JOB=_D_JOB=_E_JOB=_F_JOB=_G_JOB=_H_JOB=_I_JOB=_J_JOB=_K_JOB=_L_JOB=,1656481960.8165772
1656481890.1627655,415_A_JOB=_B_JOB=_C_JOB=_D_JOB=_E_JOB=_F_JOB=_G_JOB=_H_JOB=_I_JOB=_J_JOB=_K_JOB=_L_JOB=,1656481961.3779764
1656481890.5639799,416_A_JOB=_B_JOB=_C_JOB=_D_JOB=_E_JOB=_F_JOB=_G_JOB=_H_JOB=_I_JOB=_J_JOB=_K_JOB=_L_JOB=,1656481961.940648
1656481890.9651172,417_A_JOB=_B_JOB=_C_JOB=_D_JOB=_E_JOB=_F_JOB=_G_JOB=_H_JOB=_I_JOB=_J_JOB=_K_JOB=_L_JOB=,1656481962.5031998
1656481891.3662663,418_A_JOB=_B_JOB=_C_JOB=_D_JOB=_E_JOB=_F_JOB=_G_JOB=_H_JOB=_I_JOB=_J_JOB=_K_JOB=_L_JOB=,1656481963.066066
1656481891.7671943,419_A_JOB=_B_JOB=_C_JOB=_D_JOB=_E_JOB=_F_JOB=_G_JOB=_H_JOB=_I_JOB=_J_JOB=_K_JOB=_L_JOB=,1656481963.6279619
1656481892.1683407,420_A_JOB=_B_JOB=_C_JOB=_D_JOB=_E_JOB=_F_JOB=_G_JOB=_H_JOB=_I_JOB=_J_JOB=_K_JOB=_L_JOB=,1656481964.190918
1656481892.5693815,421_A_JOB=_B_JOB=_C_JOB=_D_JOB=_E_JOB=_F_JOB=_G_JOB=_H_JOB=_I_JOB=_J_JOB=_K_JOB=_L_JOB=,1656481964.7517145
1656481892.9701703,422_A_JOB=_B_JOB=_C_JOB=_D_JOB=_E_JOB=_F_JOB=_G_JOB=_H_JOB=_I_JOB=_J_JOB=_K_JOB=_L_JOB=,1656481965.3149383
1656481893.3716516,423_A_JOB=_B_JOB=_C_JOB=_D_JOB=_E_JOB=_F_JOB=_G_JOB=_H_JOB=_I_JOB=_J_JOB=_K_JOB=_L_JOB=,1656481965.8757727
1656481893.772795,424_A_JOB=_B_JOB=_C_JOB=_D_JOB=_E_JOB=_F_JOB=_G_JOB=_H_JOB=_I_JOB=_J_JOB=_K_JOB=_L_JOB=,1656481966.4377077
1656481894.1741865,425_A_JOB=_B_JOB=_C_JOB=_D_JOB=_E_JOB=_F_JOB=_G_JOB=_H_JOB=_I_JOB=_J_JOB=_K_JOB=_L_JOB=,1656481966.9998312
1656481894.575254,426_A_JOB=_B_JOB=_C_JOB=_D_JOB=_E_JOB=_F_JOB=_G_JOB=_H_JOB=_I_JOB=_J_JOB=_K_JOB=_L_JOB=,1656481967.5615716
1656481894.9765944,427_A_JOB=_B_JOB=_C_JOB=_D_JOB=_E_JOB=_F_JOB=_G_JOB=_H_JOB=_I_JOB=_J_JOB=_K_JOB=_L_JOB=,1656481968.1232607
1656481895.3776248,428_A_JOB=_B_JOB=_C_JOB=_D_JOB=_E_JOB=_F_JOB=_G_JOB=_H_JOB=_I_JOB=_J_JOB=_K_JOB=_L_JOB=,1656481968.6853166
1656481895.7786164,429_A_JOB=_B_JOB=_C_JOB=_D_JOB=_E_JOB=_F_JOB=_G_JOB=_H_JOB=_I_JOB=_J_JOB=_K_JOB=_L_JOB=,1656481969.247661
1656481896.1797776,430_A_JOB=_B_JOB=_C_JOB=_D_JOB=_E_JOB=_F_JOB=_G_JOB=_H_JOB=_I_JOB=_J_JOB=_K_JOB=_L_JOB=,1656481969.8105826
